host,phage,y
ERS739095,K1PH164C1,1
ERS739095,K2PH164C1,0
ERS739095,K2PH164C2,0
ERS739095,K2alfa62,0
ERS739095,K6PH25C3,0
ERS739095,K7PH164C4,0
ERS739095,K8PH128,1
ERS739095,K9PH25C2,0
ERS739095,K10PH82C1,0
ERS739095,K11PH164C1,0
ERS739095,K12P1_1,0
ERS739095,K13PH07C1L,0
ERS739095,K13PH07C1S,0
ERS739095,K14PH164C1,0
ERS739095,K15PH90,0
ERS739095,K16PH164C3,0
ERS739095,K17alfa61,0
ERS739095,K17alfa62,0
ERS739095,K18PH07C1,0
ERS739095,K2064PH2,0
ERS739095,K2069PH1,0
ERS739095,K21lambda1,0
ERS739095,K23PH08C2,0
ERS739095,K25PH129C1,0
ERS739095,K27PH129C1,0
ERS739095,K28PH129,0
ERS739095,K29PH164C1,0
ERS739095,K30lambda2,0
ERS739095,K32PH164C1,0
ERS739095,K33PH14C2,0
ERS739095,K34PH164,0
ERS739095,K35PH164C3,0
ERS739095,K39PH122C2,0
ERS739095,K40PH129C1,0
ERS739095,K43PH164C1,0
ERS739095,K45PH128C2,0
ERS739095,K46PH129,0
ERS739095,K48PH164C1,0
ERS739095,K49PH164C2,0
ERS739095,K50PH164C1,0
ERS739095,K51PH129C1,0
ERS739095,K52PH129C1,0
ERS739095,K53PH164C2,0
ERS739095,K54lambda1,0
ERS739095,K54lambda2,0
ERS739095,K56PH164C1,0
ERS739095,K57lambda1,0
ERS739095,K58PH129C2,0
ERS739095,K60PH164C1,0
ERS739095,K61PH164C1,0
ERS739095,K62PH164C2,0
ERS739095,K63PH128,0
ERS739095,K65PH164,0
ERS739095,K66PH128C1,0
ERS739095,K69PH164C2,0
ERS739095,K71PH129C1,0
ERS739095,K72PH164C2,0
ERS739095,K74PH129C2,0
ERS739095,K82P1,0
sampleK3,K1PH164C1,0
sampleK3,K2PH164C1,1
sampleK3,K2PH164C2,1
sampleK3,K2alfa62,1
sampleK3,K6PH25C3,0
sampleK3,K7PH164C4,0
sampleK3,K8PH128,0
sampleK3,K9PH25C2,0
sampleK3,K10PH82C1,0
sampleK3,K11PH164C1,0
sampleK3,K12P1_1,0
sampleK3,K13PH07C1L,0
sampleK3,K13PH07C1S,0
sampleK3,K14PH164C1,0
sampleK3,K15PH90,0
sampleK3,K16PH164C3,0
sampleK3,K17alfa61,0
sampleK3,K17alfa62,0
sampleK3,K18PH07C1,0
sampleK3,K2064PH2,0
sampleK3,K2069PH1,0
sampleK3,K21lambda1,0
sampleK3,K23PH08C2,0
sampleK3,K25PH129C1,0
sampleK3,K27PH129C1,0
sampleK3,K28PH129,0
sampleK3,K29PH164C1,0
sampleK3,K30lambda2,0
sampleK3,K32PH164C1,0
sampleK3,K33PH14C2,0
sampleK3,K34PH164,0
sampleK3,K35PH164C3,0
sampleK3,K39PH122C2,0
sampleK3,K40PH129C1,0
sampleK3,K43PH164C1,0
sampleK3,K45PH128C2,0
sampleK3,K46PH129,0
sampleK3,K48PH164C1,0
sampleK3,K49PH164C2,0
sampleK3,K50PH164C1,0
sampleK3,K51PH129C1,0
sampleK3,K52PH129C1,0
sampleK3,K53PH164C2,0
sampleK3,K54lambda1,0
sampleK3,K54lambda2,0
sampleK3,K56PH164C1,0
sampleK3,K57lambda1,0
sampleK3,K58PH129C2,0
sampleK3,K60PH164C1,0
sampleK3,K61PH164C1,0
sampleK3,K62PH164C2,0
sampleK3,K63PH128,0
sampleK3,K65PH164,0
sampleK3,K66PH128C1,0
sampleK3,K69PH164C2,0
sampleK3,K71PH129C1,0
sampleK3,K72PH164C2,0
sampleK3,K74PH129C2,0
sampleK3,K82P1,0
sampleK4,K1PH164C1,0
sampleK4,K2PH164C1,0
sampleK4,K2PH164C2,0
sampleK4,K2alfa62,0
sampleK4,K6PH25C3,0
sampleK4,K7PH164C4,0
sampleK4,K8PH128,0
sampleK4,K9PH25C2,0
sampleK4,K10PH82C1,0
sampleK4,K11PH164C1,0
sampleK4,K12P1_1,0
sampleK4,K13PH07C1L,0
sampleK4,K13PH07C1S,0
sampleK4,K14PH164C1,0
sampleK4,K15PH90,0
sampleK4,K16PH164C3,0
sampleK4,K17alfa61,0
sampleK4,K17alfa62,0
sampleK4,K18PH07C1,0
sampleK4,K2064PH2,0
sampleK4,K2069PH1,0
sampleK4,K21lambda1,0
sampleK4,K23PH08C2,0
sampleK4,K25PH129C1,0
sampleK4,K27PH129C1,0
sampleK4,K28PH129,0
sampleK4,K29PH164C1,0
sampleK4,K30lambda2,0
sampleK4,K32PH164C1,0
sampleK4,K33PH14C2,0
sampleK4,K34PH164,0
sampleK4,K35PH164C3,0
sampleK4,K39PH122C2,0
sampleK4,K40PH129C1,0
sampleK4,K43PH164C1,0
sampleK4,K45PH128C2,0
sampleK4,K46PH129,0
sampleK4,K48PH164C1,0
sampleK4,K49PH164C2,0
sampleK4,K50PH164C1,0
sampleK4,K51PH129C1,0
sampleK4,K52PH129C1,0
sampleK4,K53PH164C2,0
sampleK4,K54lambda1,0
sampleK4,K54lambda2,0
sampleK4,K56PH164C1,0
sampleK4,K57lambda1,0
sampleK4,K58PH129C2,0
sampleK4,K60PH164C1,0
sampleK4,K61PH164C1,0
sampleK4,K62PH164C2,0
sampleK4,K63PH128,0
sampleK4,K65PH164,0
sampleK4,K66PH128C1,0
sampleK4,K69PH164C2,0
sampleK4,K71PH129C1,0
sampleK4,K72PH164C2,0
sampleK4,K74PH129C2,0
sampleK4,K82P1,0
ERS812516,K1PH164C1,0
ERS812516,K2PH164C1,0
ERS812516,K2PH164C2,0
ERS812516,K2alfa62,0
ERS812516,K6PH25C3,0
ERS812516,K7PH164C4,0
ERS812516,K8PH128,0
ERS812516,K9PH25C2,0
ERS812516,K10PH82C1,0
ERS812516,K11PH164C1,0
ERS812516,K12P1_1,0
ERS812516,K13PH07C1L,0
ERS812516,K13PH07C1S,0
ERS812516,K14PH164C1,0
ERS812516,K15PH90,0
ERS812516,K16PH164C3,0
ERS812516,K17alfa61,0
ERS812516,K17alfa62,0
ERS812516,K18PH07C1,0
ERS812516,K2064PH2,0
ERS812516,K2069PH1,0
ERS812516,K21lambda1,0
ERS812516,K23PH08C2,0
ERS812516,K25PH129C1,0
ERS812516,K27PH129C1,0
ERS812516,K28PH129,0
ERS812516,K29PH164C1,0
ERS812516,K30lambda2,0
ERS812516,K32PH164C1,0
ERS812516,K33PH14C2,0
ERS812516,K34PH164,0
ERS812516,K35PH164C3,0
ERS812516,K39PH122C2,0
ERS812516,K40PH129C1,0
ERS812516,K43PH164C1,0
ERS812516,K45PH128C2,0
ERS812516,K46PH129,0
ERS812516,K48PH164C1,0
ERS812516,K49PH164C2,0
ERS812516,K50PH164C1,0
ERS812516,K51PH129C1,0
ERS812516,K52PH129C1,0
ERS812516,K53PH164C2,0
ERS812516,K54lambda1,0
ERS812516,K54lambda2,0
ERS812516,K56PH164C1,0
ERS812516,K57lambda1,0
ERS812516,K58PH129C2,0
ERS812516,K60PH164C1,0
ERS812516,K61PH164C1,0
ERS812516,K62PH164C2,0
ERS812516,K63PH128,0
ERS812516,K65PH164,0
ERS812516,K66PH128C1,0
ERS812516,K69PH164C2,0
ERS812516,K71PH129C1,0
ERS812516,K72PH164C2,0
ERS812516,K74PH129C2,0
ERS812516,K82P1,0
ERS739094,K1PH164C1,0
ERS739094,K2PH164C1,0
ERS739094,K2PH164C2,0
ERS739094,K2alfa62,0
ERS739094,K6PH25C3,1
ERS739094,K7PH164C4,0
ERS739094,K8PH128,0
ERS739094,K9PH25C2,0
ERS739094,K10PH82C1,0
ERS739094,K11PH164C1,0
ERS739094,K12P1_1,0
ERS739094,K13PH07C1L,0
ERS739094,K13PH07C1S,0
ERS739094,K14PH164C1,0
ERS739094,K15PH90,0
ERS739094,K16PH164C3,0
ERS739094,K17alfa61,0
ERS739094,K17alfa62,0
ERS739094,K18PH07C1,0
ERS739094,K2064PH2,0
ERS739094,K2069PH1,0
ERS739094,K21lambda1,0
ERS739094,K23PH08C2,0
ERS739094,K25PH129C1,0
ERS739094,K27PH129C1,0
ERS739094,K28PH129,0
ERS739094,K29PH164C1,0
ERS739094,K30lambda2,0
ERS739094,K32PH164C1,0
ERS739094,K33PH14C2,0
ERS739094,K34PH164,0
ERS739094,K35PH164C3,0
ERS739094,K39PH122C2,0
ERS739094,K40PH129C1,0
ERS739094,K43PH164C1,0
ERS739094,K45PH128C2,0
ERS739094,K46PH129,0
ERS739094,K48PH164C1,0
ERS739094,K49PH164C2,0
ERS739094,K50PH164C1,0
ERS739094,K51PH129C1,0
ERS739094,K52PH129C1,0
ERS739094,K53PH164C2,0
ERS739094,K54lambda1,0
ERS739094,K54lambda2,0
ERS739094,K56PH164C1,0
ERS739094,K57lambda1,0
ERS739094,K58PH129C2,0
ERS739094,K60PH164C1,0
ERS739094,K61PH164C1,0
ERS739094,K62PH164C2,0
ERS739094,K63PH128,0
ERS739094,K65PH164,0
ERS739094,K66PH128C1,0
ERS739094,K69PH164C2,0
ERS739094,K71PH129C1,0
ERS739094,K72PH164C2,0
ERS739094,K74PH129C2,0
ERS739094,K82P1,0
ERS706552,K1PH164C1,0
ERS706552,K2PH164C1,0
ERS706552,K2PH164C2,0
ERS706552,K2alfa62,0
ERS706552,K6PH25C3,1
ERS706552,K7PH164C4,1
ERS706552,K8PH128,0
ERS706552,K9PH25C2,0
ERS706552,K10PH82C1,0
ERS706552,K11PH164C1,0
ERS706552,K12P1_1,0
ERS706552,K13PH07C1L,0
ERS706552,K13PH07C1S,0
ERS706552,K14PH164C1,0
ERS706552,K15PH90,0
ERS706552,K16PH164C3,0
ERS706552,K17alfa61,0
ERS706552,K17alfa62,0
ERS706552,K18PH07C1,0
ERS706552,K2064PH2,0
ERS706552,K2069PH1,0
ERS706552,K21lambda1,0
ERS706552,K23PH08C2,0
ERS706552,K25PH129C1,0
ERS706552,K27PH129C1,0
ERS706552,K28PH129,0
ERS706552,K29PH164C1,0
ERS706552,K30lambda2,1
ERS706552,K32PH164C1,0
ERS706552,K33PH14C2,0
ERS706552,K34PH164,1
ERS706552,K35PH164C3,0
ERS706552,K39PH122C2,0
ERS706552,K40PH129C1,0
ERS706552,K43PH164C1,0
ERS706552,K45PH128C2,0
ERS706552,K46PH129,0
ERS706552,K48PH164C1,0
ERS706552,K49PH164C2,0
ERS706552,K50PH164C1,0
ERS706552,K51PH129C1,0
ERS706552,K52PH129C1,0
ERS706552,K53PH164C2,0
ERS706552,K54lambda1,0
ERS706552,K54lambda2,0
ERS706552,K56PH164C1,0
ERS706552,K57lambda1,0
ERS706552,K58PH129C2,0
ERS706552,K60PH164C1,0
ERS706552,K61PH164C1,0
ERS706552,K62PH164C2,0
ERS706552,K63PH128,0
ERS706552,K65PH164,1
ERS706552,K66PH128C1,0
ERS706552,K69PH164C2,0
ERS706552,K71PH129C1,0
ERS706552,K72PH164C2,0
ERS706552,K74PH129C2,0
ERS706552,K82P1,0
ERS523587,K1PH164C1,0
ERS523587,K2PH164C1,0
ERS523587,K2PH164C2,0
ERS523587,K2alfa62,0
ERS523587,K6PH25C3,0
ERS523587,K7PH164C4,0
ERS523587,K8PH128,1
ERS523587,K9PH25C2,0
ERS523587,K10PH82C1,0
ERS523587,K11PH164C1,0
ERS523587,K12P1_1,0
ERS523587,K13PH07C1L,0
ERS523587,K13PH07C1S,0
ERS523587,K14PH164C1,0
ERS523587,K15PH90,0
ERS523587,K16PH164C3,0
ERS523587,K17alfa61,0
ERS523587,K17alfa62,0
ERS523587,K18PH07C1,0
ERS523587,K2064PH2,0
ERS523587,K2069PH1,0
ERS523587,K21lambda1,0
ERS523587,K23PH08C2,0
ERS523587,K25PH129C1,0
ERS523587,K27PH129C1,0
ERS523587,K28PH129,0
ERS523587,K29PH164C1,0
ERS523587,K30lambda2,0
ERS523587,K32PH164C1,0
ERS523587,K33PH14C2,0
ERS523587,K34PH164,1
ERS523587,K35PH164C3,0
ERS523587,K39PH122C2,0
ERS523587,K40PH129C1,0
ERS523587,K43PH164C1,0
ERS523587,K45PH128C2,0
ERS523587,K46PH129,0
ERS523587,K48PH164C1,0
ERS523587,K49PH164C2,0
ERS523587,K50PH164C1,0
ERS523587,K51PH129C1,0
ERS523587,K52PH129C1,0
ERS523587,K53PH164C2,0
ERS523587,K54lambda1,0
ERS523587,K54lambda2,0
ERS523587,K56PH164C1,0
ERS523587,K57lambda1,0
ERS523587,K58PH129C2,0
ERS523587,K60PH164C1,0
ERS523587,K61PH164C1,0
ERS523587,K62PH164C2,0
ERS523587,K63PH128,0
ERS523587,K65PH164,0
ERS523587,K66PH128C1,0
ERS523587,K69PH164C2,0
ERS523587,K71PH129C1,0
ERS523587,K72PH164C2,0
ERS523587,K74PH129C2,0
ERS523587,K82P1,0
ERS747603,K1PH164C1,0
ERS747603,K2PH164C1,0
ERS747603,K2PH164C2,0
ERS747603,K2alfa62,0
ERS747603,K6PH25C3,0
ERS747603,K7PH164C4,0
ERS747603,K8PH128,0
ERS747603,K9PH25C2,1
ERS747603,K10PH82C1,0
ERS747603,K11PH164C1,0
ERS747603,K12P1_1,0
ERS747603,K13PH07C1L,0
ERS747603,K13PH07C1S,0
ERS747603,K14PH164C1,0
ERS747603,K15PH90,0
ERS747603,K16PH164C3,0
ERS747603,K17alfa61,0
ERS747603,K17alfa62,0
ERS747603,K18PH07C1,0
ERS747603,K2064PH2,0
ERS747603,K2069PH1,0
ERS747603,K21lambda1,0
ERS747603,K23PH08C2,0
ERS747603,K25PH129C1,0
ERS747603,K27PH129C1,0
ERS747603,K28PH129,0
ERS747603,K29PH164C1,0
ERS747603,K30lambda2,0
ERS747603,K32PH164C1,0
ERS747603,K33PH14C2,0
ERS747603,K34PH164,0
ERS747603,K35PH164C3,0
ERS747603,K39PH122C2,0
ERS747603,K40PH129C1,0
ERS747603,K43PH164C1,0
ERS747603,K45PH128C2,0
ERS747603,K46PH129,0
ERS747603,K48PH164C1,0
ERS747603,K49PH164C2,0
ERS747603,K50PH164C1,0
ERS747603,K51PH129C1,0
ERS747603,K52PH129C1,0
ERS747603,K53PH164C2,0
ERS747603,K54lambda1,0
ERS747603,K54lambda2,0
ERS747603,K56PH164C1,0
ERS747603,K57lambda1,0
ERS747603,K58PH129C2,0
ERS747603,K60PH164C1,0
ERS747603,K61PH164C1,0
ERS747603,K62PH164C2,0
ERS747603,K63PH128,0
ERS747603,K65PH164,0
ERS747603,K66PH128C1,0
ERS747603,K69PH164C2,0
ERS747603,K71PH129C1,0
ERS747603,K72PH164C2,0
ERS747603,K74PH129C2,0
ERS747603,K82P1,0
ERS706553,K1PH164C1,0
ERS706553,K2PH164C1,0
ERS706553,K2PH164C2,0
ERS706553,K2alfa62,0
ERS706553,K6PH25C3,0
ERS706553,K7PH164C4,0
ERS706553,K8PH128,0
ERS706553,K9PH25C2,0
ERS706553,K10PH82C1,1
ERS706553,K11PH164C1,0
ERS706553,K12P1_1,0
ERS706553,K13PH07C1L,0
ERS706553,K13PH07C1S,0
ERS706553,K14PH164C1,0
ERS706553,K15PH90,0
ERS706553,K16PH164C3,0
ERS706553,K17alfa61,0
ERS706553,K17alfa62,0
ERS706553,K18PH07C1,0
ERS706553,K2064PH2,0
ERS706553,K2069PH1,0
ERS706553,K21lambda1,0
ERS706553,K23PH08C2,0
ERS706553,K25PH129C1,0
ERS706553,K27PH129C1,0
ERS706553,K28PH129,0
ERS706553,K29PH164C1,0
ERS706553,K30lambda2,0
ERS706553,K32PH164C1,0
ERS706553,K33PH14C2,0
ERS706553,K34PH164,0
ERS706553,K35PH164C3,0
ERS706553,K39PH122C2,0
ERS706553,K40PH129C1,0
ERS706553,K43PH164C1,0
ERS706553,K45PH128C2,0
ERS706553,K46PH129,0
ERS706553,K48PH164C1,0
ERS706553,K49PH164C2,0
ERS706553,K50PH164C1,0
ERS706553,K51PH129C1,0
ERS706553,K52PH129C1,0
ERS706553,K53PH164C2,0
ERS706553,K54lambda1,0
ERS706553,K54lambda2,0
ERS706553,K56PH164C1,0
ERS706553,K57lambda1,0
ERS706553,K58PH129C2,0
ERS706553,K60PH164C1,0
ERS706553,K61PH164C1,0
ERS706553,K62PH164C2,0
ERS706553,K63PH128,0
ERS706553,K65PH164,0
ERS706553,K66PH128C1,0
ERS706553,K69PH164C2,0
ERS706553,K71PH129C1,0
ERS706553,K72PH164C2,0
ERS706553,K74PH129C2,0
ERS706553,K82P1,0
ERS659571,K1PH164C1,0
ERS659571,K2PH164C1,0
ERS659571,K2PH164C2,0
ERS659571,K2alfa62,0
ERS659571,K6PH25C3,0
ERS659571,K7PH164C4,1
ERS659571,K8PH128,0
ERS659571,K9PH25C2,0
ERS659571,K10PH82C1,0
ERS659571,K11PH164C1,1
ERS659571,K12P1_1,0
ERS659571,K13PH07C1L,0
ERS659571,K13PH07C1S,0
ERS659571,K14PH164C1,0
ERS659571,K15PH90,0
ERS659571,K16PH164C3,0
ERS659571,K17alfa61,0
ERS659571,K17alfa62,0
ERS659571,K18PH07C1,0
ERS659571,K2064PH2,1
ERS659571,K2069PH1,0
ERS659571,K21lambda1,0
ERS659571,K23PH08C2,0
ERS659571,K25PH129C1,0
ERS659571,K27PH129C1,0
ERS659571,K28PH129,0
ERS659571,K29PH164C1,0
ERS659571,K30lambda2,1
ERS659571,K32PH164C1,0
ERS659571,K33PH14C2,1
ERS659571,K34PH164,1
ERS659571,K35PH164C3,0
ERS659571,K39PH122C2,0
ERS659571,K40PH129C1,0
ERS659571,K43PH164C1,0
ERS659571,K45PH128C2,0
ERS659571,K46PH129,0
ERS659571,K48PH164C1,0
ERS659571,K49PH164C2,1
ERS659571,K50PH164C1,0
ERS659571,K51PH129C1,0
ERS659571,K52PH129C1,0
ERS659571,K53PH164C2,0
ERS659571,K54lambda1,0
ERS659571,K54lambda2,0
ERS659571,K56PH164C1,0
ERS659571,K57lambda1,0
ERS659571,K58PH129C2,0
ERS659571,K60PH164C1,0
ERS659571,K61PH164C1,0
ERS659571,K62PH164C2,0
ERS659571,K63PH128,0
ERS659571,K65PH164,0
ERS659571,K66PH128C1,0
ERS659571,K69PH164C2,0
ERS659571,K71PH129C1,0
ERS659571,K72PH164C2,0
ERS659571,K74PH129C2,0
ERS659571,K82P1,0
ERS706554,K1PH164C1,0
ERS706554,K2PH164C1,0
ERS706554,K2PH164C2,0
ERS706554,K2alfa62,0
ERS706554,K6PH25C3,0
ERS706554,K7PH164C4,0
ERS706554,K8PH128,0
ERS706554,K9PH25C2,0
ERS706554,K10PH82C1,0
ERS706554,K11PH164C1,0
ERS706554,K12P1_1,1
ERS706554,K13PH07C1L,0
ERS706554,K13PH07C1S,0
ERS706554,K14PH164C1,0
ERS706554,K15PH90,0
ERS706554,K16PH164C3,0
ERS706554,K17alfa61,0
ERS706554,K17alfa62,0
ERS706554,K18PH07C1,1
ERS706554,K2064PH2,1
ERS706554,K2069PH1,0
ERS706554,K21lambda1,0
ERS706554,K23PH08C2,0
ERS706554,K25PH129C1,0
ERS706554,K27PH129C1,0
ERS706554,K28PH129,0
ERS706554,K29PH164C1,0
ERS706554,K30lambda2,0
ERS706554,K32PH164C1,0
ERS706554,K33PH14C2,0
ERS706554,K34PH164,0
ERS706554,K35PH164C3,0
ERS706554,K39PH122C2,0
ERS706554,K40PH129C1,0
ERS706554,K43PH164C1,0
ERS706554,K45PH128C2,0
ERS706554,K46PH129,0
ERS706554,K48PH164C1,0
ERS706554,K49PH164C2,0
ERS706554,K50PH164C1,0
ERS706554,K51PH129C1,0
ERS706554,K52PH129C1,0
ERS706554,K53PH164C2,0
ERS706554,K54lambda1,0
ERS706554,K54lambda2,0
ERS706554,K56PH164C1,0
ERS706554,K57lambda1,0
ERS706554,K58PH129C2,0
ERS706554,K60PH164C1,0
ERS706554,K61PH164C1,0
ERS706554,K62PH164C2,0
ERS706554,K63PH128,0
ERS706554,K65PH164,1
ERS706554,K66PH128C1,0
ERS706554,K69PH164C2,1
ERS706554,K71PH129C1,0
ERS706554,K72PH164C2,0
ERS706554,K74PH129C2,0
ERS706554,K82P1,0
ERS706555,K1PH164C1,0
ERS706555,K2PH164C1,0
ERS706555,K2PH164C2,1
ERS706555,K2alfa62,1
ERS706555,K6PH25C3,0
ERS706555,K7PH164C4,1
ERS706555,K8PH128,0
ERS706555,K9PH25C2,0
ERS706555,K10PH82C1,0
ERS706555,K11PH164C1,0
ERS706555,K12P1_1,0
ERS706555,K13PH07C1L,1
ERS706555,K13PH07C1S,1
ERS706555,K14PH164C1,0
ERS706555,K15PH90,0
ERS706555,K16PH164C3,0
ERS706555,K17alfa61,0
ERS706555,K17alfa62,0
ERS706555,K18PH07C1,0
ERS706555,K2064PH2,0
ERS706555,K2069PH1,0
ERS706555,K21lambda1,0
ERS706555,K23PH08C2,0
ERS706555,K25PH129C1,0
ERS706555,K27PH129C1,0
ERS706555,K28PH129,0
ERS706555,K29PH164C1,0
ERS706555,K30lambda2,1
ERS706555,K32PH164C1,0
ERS706555,K33PH14C2,0
ERS706555,K34PH164,0
ERS706555,K35PH164C3,0
ERS706555,K39PH122C2,0
ERS706555,K40PH129C1,0
ERS706555,K43PH164C1,0
ERS706555,K45PH128C2,0
ERS706555,K46PH129,0
ERS706555,K48PH164C1,0
ERS706555,K49PH164C2,0
ERS706555,K50PH164C1,0
ERS706555,K51PH129C1,0
ERS706555,K52PH129C1,0
ERS706555,K53PH164C2,0
ERS706555,K54lambda1,0
ERS706555,K54lambda2,0
ERS706555,K56PH164C1,0
ERS706555,K57lambda1,0
ERS706555,K58PH129C2,0
ERS706555,K60PH164C1,0
ERS706555,K61PH164C1,0
ERS706555,K62PH164C2,0
ERS706555,K63PH128,0
ERS706555,K65PH164,0
ERS706555,K66PH128C1,0
ERS706555,K69PH164C2,0
ERS706555,K71PH129C1,0
ERS706555,K72PH164C2,0
ERS706555,K74PH129C2,0
ERS706555,K82P1,0
ERS743101,K1PH164C1,0
ERS743101,K2PH164C1,0
ERS743101,K2PH164C2,0
ERS743101,K2alfa62,0
ERS743101,K6PH25C3,0
ERS743101,K7PH164C4,1
ERS743101,K8PH128,0
ERS743101,K9PH25C2,0
ERS743101,K10PH82C1,0
ERS743101,K11PH164C1,0
ERS743101,K12P1_1,0
ERS743101,K13PH07C1L,0
ERS743101,K13PH07C1S,0
ERS743101,K14PH164C1,1
ERS743101,K15PH90,0
ERS743101,K16PH164C3,0
ERS743101,K17alfa61,0
ERS743101,K17alfa62,0
ERS743101,K18PH07C1,0
ERS743101,K2064PH2,1
ERS743101,K2069PH1,0
ERS743101,K21lambda1,0
ERS743101,K23PH08C2,0
ERS743101,K25PH129C1,0
ERS743101,K27PH129C1,0
ERS743101,K28PH129,0
ERS743101,K29PH164C1,0
ERS743101,K30lambda2,1
ERS743101,K32PH164C1,0
ERS743101,K33PH14C2,0
ERS743101,K34PH164,0
ERS743101,K35PH164C3,0
ERS743101,K39PH122C2,0
ERS743101,K40PH129C1,0
ERS743101,K43PH164C1,0
ERS743101,K45PH128C2,0
ERS743101,K46PH129,0
ERS743101,K48PH164C1,0
ERS743101,K49PH164C2,0
ERS743101,K50PH164C1,0
ERS743101,K51PH129C1,0
ERS743101,K52PH129C1,0
ERS743101,K53PH164C2,0
ERS743101,K54lambda1,0
ERS743101,K54lambda2,0
ERS743101,K56PH164C1,0
ERS743101,K57lambda1,0
ERS743101,K58PH129C2,0
ERS743101,K60PH164C1,0
ERS743101,K61PH164C1,0
ERS743101,K62PH164C2,0
ERS743101,K63PH128,0
ERS743101,K65PH164,1
ERS743101,K66PH128C1,0
ERS743101,K69PH164C2,0
ERS743101,K71PH129C1,0
ERS743101,K72PH164C2,0
ERS743101,K74PH129C2,0
ERS743101,K82P1,0
ERS799795,K1PH164C1,0
ERS799795,K2PH164C1,0
ERS799795,K2PH164C2,0
ERS799795,K2alfa62,0
ERS799795,K6PH25C3,0
ERS799795,K7PH164C4,0
ERS799795,K8PH128,0
ERS799795,K9PH25C2,0
ERS799795,K10PH82C1,0
ERS799795,K11PH164C1,0
ERS799795,K12P1_1,0
ERS799795,K13PH07C1L,0
ERS799795,K13PH07C1S,0
ERS799795,K14PH164C1,0
ERS799795,K15PH90,1
ERS799795,K16PH164C3,0
ERS799795,K17alfa61,0
ERS799795,K17alfa62,0
ERS799795,K18PH07C1,0
ERS799795,K2064PH2,0
ERS799795,K2069PH1,0
ERS799795,K21lambda1,0
ERS799795,K23PH08C2,0
ERS799795,K25PH129C1,0
ERS799795,K27PH129C1,0
ERS799795,K28PH129,0
ERS799795,K29PH164C1,0
ERS799795,K30lambda2,0
ERS799795,K32PH164C1,0
ERS799795,K33PH14C2,0
ERS799795,K34PH164,0
ERS799795,K35PH164C3,0
ERS799795,K39PH122C2,0
ERS799795,K40PH129C1,0
ERS799795,K43PH164C1,0
ERS799795,K45PH128C2,0
ERS799795,K46PH129,0
ERS799795,K48PH164C1,0
ERS799795,K49PH164C2,0
ERS799795,K50PH164C1,0
ERS799795,K51PH129C1,0
ERS799795,K52PH129C1,0
ERS799795,K53PH164C2,0
ERS799795,K54lambda1,0
ERS799795,K54lambda2,0
ERS799795,K56PH164C1,0
ERS799795,K57lambda1,0
ERS799795,K58PH129C2,0
ERS799795,K60PH164C1,0
ERS799795,K61PH164C1,0
ERS799795,K62PH164C2,0
ERS799795,K63PH128,0
ERS799795,K65PH164,1
ERS799795,K66PH128C1,0
ERS799795,K69PH164C2,0
ERS799795,K71PH129C1,0
ERS799795,K72PH164C2,0
ERS799795,K74PH129C2,0
ERS799795,K82P1,0
ERS799796,K1PH164C1,0
ERS799796,K2PH164C1,0
ERS799796,K2PH164C2,0
ERS799796,K2alfa62,0
ERS799796,K6PH25C3,0
ERS799796,K7PH164C4,0
ERS799796,K8PH128,0
ERS799796,K9PH25C2,0
ERS799796,K10PH82C1,0
ERS799796,K11PH164C1,0
ERS799796,K12P1_1,0
ERS799796,K13PH07C1L,0
ERS799796,K13PH07C1S,0
ERS799796,K14PH164C1,0
ERS799796,K15PH90,0
ERS799796,K16PH164C3,1
ERS799796,K17alfa61,0
ERS799796,K17alfa62,0
ERS799796,K18PH07C1,0
ERS799796,K2064PH2,0
ERS799796,K2069PH1,0
ERS799796,K21lambda1,0
ERS799796,K23PH08C2,0
ERS799796,K25PH129C1,0
ERS799796,K27PH129C1,0
ERS799796,K28PH129,0
ERS799796,K29PH164C1,0
ERS799796,K30lambda2,0
ERS799796,K32PH164C1,0
ERS799796,K33PH14C2,0
ERS799796,K34PH164,0
ERS799796,K35PH164C3,0
ERS799796,K39PH122C2,0
ERS799796,K40PH129C1,0
ERS799796,K43PH164C1,0
ERS799796,K45PH128C2,0
ERS799796,K46PH129,0
ERS799796,K48PH164C1,0
ERS799796,K49PH164C2,0
ERS799796,K50PH164C1,0
ERS799796,K51PH129C1,0
ERS799796,K52PH129C1,0
ERS799796,K53PH164C2,0
ERS799796,K54lambda1,0
ERS799796,K54lambda2,0
ERS799796,K56PH164C1,0
ERS799796,K57lambda1,0
ERS799796,K58PH129C2,0
ERS799796,K60PH164C1,0
ERS799796,K61PH164C1,0
ERS799796,K62PH164C2,0
ERS799796,K63PH128,0
ERS799796,K65PH164,1
ERS799796,K66PH128C1,0
ERS799796,K69PH164C2,0
ERS799796,K71PH129C1,0
ERS799796,K72PH164C2,0
ERS799796,K74PH129C2,0
ERS799796,K82P1,0
ERS764450,K1PH164C1,0
ERS764450,K2PH164C1,0
ERS764450,K2PH164C2,0
ERS764450,K2alfa62,0
ERS764450,K6PH25C3,0
ERS764450,K7PH164C4,0
ERS764450,K8PH128,0
ERS764450,K9PH25C2,0
ERS764450,K10PH82C1,0
ERS764450,K11PH164C1,0
ERS764450,K12P1_1,0
ERS764450,K13PH07C1L,0
ERS764450,K13PH07C1S,0
ERS764450,K14PH164C1,0
ERS764450,K15PH90,0
ERS764450,K16PH164C3,0
ERS764450,K17alfa61,1
ERS764450,K17alfa62,1
ERS764450,K18PH07C1,0
ERS764450,K2064PH2,0
ERS764450,K2069PH1,0
ERS764450,K21lambda1,0
ERS764450,K23PH08C2,0
ERS764450,K25PH129C1,0
ERS764450,K27PH129C1,0
ERS764450,K28PH129,0
ERS764450,K29PH164C1,0
ERS764450,K30lambda2,0
ERS764450,K32PH164C1,0
ERS764450,K33PH14C2,0
ERS764450,K34PH164,0
ERS764450,K35PH164C3,0
ERS764450,K39PH122C2,0
ERS764450,K40PH129C1,0
ERS764450,K43PH164C1,0
ERS764450,K45PH128C2,0
ERS764450,K46PH129,0
ERS764450,K48PH164C1,0
ERS764450,K49PH164C2,0
ERS764450,K50PH164C1,0
ERS764450,K51PH129C1,0
ERS764450,K52PH129C1,0
ERS764450,K53PH164C2,0
ERS764450,K54lambda1,0
ERS764450,K54lambda2,0
ERS764450,K56PH164C1,0
ERS764450,K57lambda1,0
ERS764450,K58PH129C2,0
ERS764450,K60PH164C1,0
ERS764450,K61PH164C1,0
ERS764450,K62PH164C2,0
ERS764450,K63PH128,0
ERS764450,K65PH164,0
ERS764450,K66PH128C1,0
ERS764450,K69PH164C2,0
ERS764450,K71PH129C1,0
ERS764450,K72PH164C2,0
ERS764450,K74PH129C2,0
ERS764450,K82P1,0
ERS764451,K1PH164C1,0
ERS764451,K2PH164C1,0
ERS764451,K2PH164C2,0
ERS764451,K2alfa62,0
ERS764451,K6PH25C3,0
ERS764451,K7PH164C4,0
ERS764451,K8PH128,0
ERS764451,K9PH25C2,0
ERS764451,K10PH82C1,0
ERS764451,K11PH164C1,0
ERS764451,K12P1_1,0
ERS764451,K13PH07C1L,0
ERS764451,K13PH07C1S,0
ERS764451,K14PH164C1,0
ERS764451,K15PH90,0
ERS764451,K16PH164C3,0
ERS764451,K17alfa61,0
ERS764451,K17alfa62,0
ERS764451,K18PH07C1,1
ERS764451,K2064PH2,0
ERS764451,K2069PH1,0
ERS764451,K21lambda1,0
ERS764451,K23PH08C2,0
ERS764451,K25PH129C1,0
ERS764451,K27PH129C1,0
ERS764451,K28PH129,0
ERS764451,K29PH164C1,0
ERS764451,K30lambda2,0
ERS764451,K32PH164C1,0
ERS764451,K33PH14C2,0
ERS764451,K34PH164,0
ERS764451,K35PH164C3,0
ERS764451,K39PH122C2,0
ERS764451,K40PH129C1,0
ERS764451,K43PH164C1,0
ERS764451,K45PH128C2,0
ERS764451,K46PH129,0
ERS764451,K48PH164C1,0
ERS764451,K49PH164C2,0
ERS764451,K50PH164C1,0
ERS764451,K51PH129C1,0
ERS764451,K52PH129C1,0
ERS764451,K53PH164C2,0
ERS764451,K54lambda1,0
ERS764451,K54lambda2,0
ERS764451,K56PH164C1,0
ERS764451,K57lambda1,0
ERS764451,K58PH129C2,0
ERS764451,K60PH164C1,1
ERS764451,K61PH164C1,0
ERS764451,K62PH164C2,0
ERS764451,K63PH128,0
ERS764451,K65PH164,1
ERS764451,K66PH128C1,0
ERS764451,K69PH164C2,0
ERS764451,K71PH129C1,0
ERS764451,K72PH164C2,0
ERS764451,K74PH129C2,0
ERS764451,K82P1,0
ERS686707,K1PH164C1,0
ERS686707,K2PH164C1,0
ERS686707,K2PH164C2,0
ERS686707,K2alfa62,0
ERS686707,K6PH25C3,0
ERS686707,K7PH164C4,0
ERS686707,K8PH128,0
ERS686707,K9PH25C2,0
ERS686707,K10PH82C1,0
ERS686707,K11PH164C1,0
ERS686707,K12P1_1,0
ERS686707,K13PH07C1L,0
ERS686707,K13PH07C1S,0
ERS686707,K14PH164C1,0
ERS686707,K15PH90,0
ERS686707,K16PH164C3,0
ERS686707,K17alfa61,0
ERS686707,K17alfa62,0
ERS686707,K18PH07C1,0
ERS686707,K2064PH2,1
ERS686707,K2069PH1,1
ERS686707,K21lambda1,0
ERS686707,K23PH08C2,0
ERS686707,K25PH129C1,0
ERS686707,K27PH129C1,0
ERS686707,K28PH129,0
ERS686707,K29PH164C1,0
ERS686707,K30lambda2,0
ERS686707,K32PH164C1,0
ERS686707,K33PH14C2,0
ERS686707,K34PH164,0
ERS686707,K35PH164C3,0
ERS686707,K39PH122C2,0
ERS686707,K40PH129C1,0
ERS686707,K43PH164C1,0
ERS686707,K45PH128C2,0
ERS686707,K46PH129,0
ERS686707,K48PH164C1,0
ERS686707,K49PH164C2,0
ERS686707,K50PH164C1,0
ERS686707,K51PH129C1,0
ERS686707,K52PH129C1,1
ERS686707,K53PH164C2,0
ERS686707,K54lambda1,0
ERS686707,K54lambda2,0
ERS686707,K56PH164C1,0
ERS686707,K57lambda1,0
ERS686707,K58PH129C2,0
ERS686707,K60PH164C1,0
ERS686707,K61PH164C1,0
ERS686707,K62PH164C2,0
ERS686707,K63PH128,0
ERS686707,K65PH164,1
ERS686707,K66PH128C1,0
ERS686707,K69PH164C2,0
ERS686707,K71PH129C1,0
ERS686707,K72PH164C2,0
ERS686707,K74PH129C2,0
ERS686707,K82P1,0
ERS523588,K1PH164C1,0
ERS523588,K2PH164C1,0
ERS523588,K2PH164C2,0
ERS523588,K2alfa62,0
ERS523588,K6PH25C3,0
ERS523588,K7PH164C4,0
ERS523588,K8PH128,0
ERS523588,K9PH25C2,0
ERS523588,K10PH82C1,0
ERS523588,K11PH164C1,0
ERS523588,K12P1_1,0
ERS523588,K13PH07C1L,0
ERS523588,K13PH07C1S,0
ERS523588,K14PH164C1,0
ERS523588,K15PH90,0
ERS523588,K16PH164C3,0
ERS523588,K17alfa61,0
ERS523588,K17alfa62,0
ERS523588,K18PH07C1,0
ERS523588,K2064PH2,0
ERS523588,K2069PH1,0
ERS523588,K21lambda1,0
ERS523588,K23PH08C2,0
ERS523588,K25PH129C1,0
ERS523588,K27PH129C1,0
ERS523588,K28PH129,0
ERS523588,K29PH164C1,0
ERS523588,K30lambda2,0
ERS523588,K32PH164C1,0
ERS523588,K33PH14C2,0
ERS523588,K34PH164,0
ERS523588,K35PH164C3,0
ERS523588,K39PH122C2,0
ERS523588,K40PH129C1,0
ERS523588,K43PH164C1,0
ERS523588,K45PH128C2,0
ERS523588,K46PH129,0
ERS523588,K48PH164C1,0
ERS523588,K49PH164C2,0
ERS523588,K50PH164C1,0
ERS523588,K51PH129C1,0
ERS523588,K52PH129C1,0
ERS523588,K53PH164C2,0
ERS523588,K54lambda1,0
ERS523588,K54lambda2,0
ERS523588,K56PH164C1,0
ERS523588,K57lambda1,0
ERS523588,K58PH129C2,0
ERS523588,K60PH164C1,0
ERS523588,K61PH164C1,0
ERS523588,K62PH164C2,0
ERS523588,K63PH128,0
ERS523588,K65PH164,0
ERS523588,K66PH128C1,0
ERS523588,K69PH164C2,0
ERS523588,K71PH129C1,0
ERS523588,K72PH164C2,0
ERS523588,K74PH129C2,0
ERS523588,K82P1,0
ERS715468,K1PH164C1,0
ERS715468,K2PH164C1,0
ERS715468,K2PH164C2,0
ERS715468,K2alfa62,0
ERS715468,K6PH25C3,0
ERS715468,K7PH164C4,0
ERS715468,K8PH128,0
ERS715468,K9PH25C2,0
ERS715468,K10PH82C1,0
ERS715468,K11PH164C1,0
ERS715468,K12P1_1,0
ERS715468,K13PH07C1L,0
ERS715468,K13PH07C1S,0
ERS715468,K14PH164C1,0
ERS715468,K15PH90,0
ERS715468,K16PH164C3,0
ERS715468,K17alfa61,0
ERS715468,K17alfa62,0
ERS715468,K18PH07C1,0
ERS715468,K2064PH2,0
ERS715468,K2069PH1,0
ERS715468,K21lambda1,0
ERS715468,K23PH08C2,0
ERS715468,K25PH129C1,0
ERS715468,K27PH129C1,0
ERS715468,K28PH129,0
ERS715468,K29PH164C1,0
ERS715468,K30lambda2,0
ERS715468,K32PH164C1,0
ERS715468,K33PH14C2,0
ERS715468,K34PH164,0
ERS715468,K35PH164C3,0
ERS715468,K39PH122C2,0
ERS715468,K40PH129C1,0
ERS715468,K43PH164C1,0
ERS715468,K45PH128C2,0
ERS715468,K46PH129,0
ERS715468,K48PH164C1,0
ERS715468,K49PH164C2,0
ERS715468,K50PH164C1,0
ERS715468,K51PH129C1,0
ERS715468,K52PH129C1,0
ERS715468,K53PH164C2,0
ERS715468,K54lambda1,0
ERS715468,K54lambda2,0
ERS715468,K56PH164C1,0
ERS715468,K57lambda1,0
ERS715468,K58PH129C2,0
ERS715468,K60PH164C1,0
ERS715468,K61PH164C1,0
ERS715468,K62PH164C2,0
ERS715468,K63PH128,0
ERS715468,K65PH164,0
ERS715468,K66PH128C1,0
ERS715468,K69PH164C2,0
ERS715468,K71PH129C1,0
ERS715468,K72PH164C2,0
ERS715468,K74PH129C2,0
ERS715468,K82P1,0
ERS747612,K1PH164C1,0
ERS747612,K2PH164C1,0
ERS747612,K2PH164C2,0
ERS747612,K2alfa62,0
ERS747612,K6PH25C3,0
ERS747612,K7PH164C4,0
ERS747612,K8PH128,0
ERS747612,K9PH25C2,0
ERS747612,K10PH82C1,0
ERS747612,K11PH164C1,0
ERS747612,K12P1_1,0
ERS747612,K13PH07C1L,0
ERS747612,K13PH07C1S,0
ERS747612,K14PH164C1,0
ERS747612,K15PH90,0
ERS747612,K16PH164C3,0
ERS747612,K17alfa61,0
ERS747612,K17alfa62,0
ERS747612,K18PH07C1,0
ERS747612,K2064PH2,0
ERS747612,K2069PH1,0
ERS747612,K21lambda1,0
ERS747612,K23PH08C2,0
ERS747612,K25PH129C1,0
ERS747612,K27PH129C1,0
ERS747612,K28PH129,0
ERS747612,K29PH164C1,1
ERS747612,K30lambda2,0
ERS747612,K32PH164C1,0
ERS747612,K33PH14C2,0
ERS747612,K34PH164,0
ERS747612,K35PH164C3,0
ERS747612,K39PH122C2,0
ERS747612,K40PH129C1,0
ERS747612,K43PH164C1,0
ERS747612,K45PH128C2,0
ERS747612,K46PH129,0
ERS747612,K48PH164C1,0
ERS747612,K49PH164C2,0
ERS747612,K50PH164C1,0
ERS747612,K51PH129C1,0
ERS747612,K52PH129C1,0
ERS747612,K53PH164C2,0
ERS747612,K54lambda1,1
ERS747612,K54lambda2,0
ERS747612,K56PH164C1,0
ERS747612,K57lambda1,0
ERS747612,K58PH129C2,0
ERS747612,K60PH164C1,0
ERS747612,K61PH164C1,0
ERS747612,K62PH164C2,0
ERS747612,K63PH128,0
ERS747612,K65PH164,0
ERS747612,K66PH128C1,0
ERS747612,K69PH164C2,0
ERS747612,K71PH129C1,0
ERS747612,K72PH164C2,0
ERS747612,K74PH129C2,0
ERS747612,K82P1,0
ERS685293,K1PH164C1,0
ERS685293,K2PH164C1,0
ERS685293,K2PH164C2,0
ERS685293,K2alfa62,0
ERS685293,K6PH25C3,0
ERS685293,K7PH164C4,0
ERS685293,K8PH128,0
ERS685293,K9PH25C2,0
ERS685293,K10PH82C1,0
ERS685293,K11PH164C1,0
ERS685293,K12P1_1,0
ERS685293,K13PH07C1L,0
ERS685293,K13PH07C1S,0
ERS685293,K14PH164C1,0
ERS685293,K15PH90,0
ERS685293,K16PH164C3,0
ERS685293,K17alfa61,0
ERS685293,K17alfa62,0
ERS685293,K18PH07C1,0
ERS685293,K2064PH2,0
ERS685293,K2069PH1,0
ERS685293,K21lambda1,0
ERS685293,K23PH08C2,0
ERS685293,K25PH129C1,1
ERS685293,K27PH129C1,0
ERS685293,K28PH129,0
ERS685293,K29PH164C1,0
ERS685293,K30lambda2,0
ERS685293,K32PH164C1,0
ERS685293,K33PH14C2,0
ERS685293,K34PH164,0
ERS685293,K35PH164C3,0
ERS685293,K39PH122C2,0
ERS685293,K40PH129C1,0
ERS685293,K43PH164C1,0
ERS685293,K45PH128C2,0
ERS685293,K46PH129,0
ERS685293,K48PH164C1,0
ERS685293,K49PH164C2,0
ERS685293,K50PH164C1,0
ERS685293,K51PH129C1,0
ERS685293,K52PH129C1,0
ERS685293,K53PH164C2,0
ERS685293,K54lambda1,0
ERS685293,K54lambda2,0
ERS685293,K56PH164C1,0
ERS685293,K57lambda1,0
ERS685293,K58PH129C2,0
ERS685293,K60PH164C1,0
ERS685293,K61PH164C1,0
ERS685293,K62PH164C2,0
ERS685293,K63PH128,0
ERS685293,K65PH164,0
ERS685293,K66PH128C1,0
ERS685293,K69PH164C2,0
ERS685293,K71PH129C1,0
ERS685293,K72PH164C2,0
ERS685293,K74PH129C2,0
ERS685293,K82P1,0
ERS799797,K1PH164C1,0
ERS799797,K2PH164C1,0
ERS799797,K2PH164C2,0
ERS799797,K2alfa62,0
ERS799797,K6PH25C3,0
ERS799797,K7PH164C4,1
ERS799797,K8PH128,0
ERS799797,K9PH25C2,0
ERS799797,K10PH82C1,0
ERS799797,K11PH164C1,0
ERS799797,K12P1_1,0
ERS799797,K13PH07C1L,0
ERS799797,K13PH07C1S,0
ERS799797,K14PH164C1,0
ERS799797,K15PH90,0
ERS799797,K16PH164C3,0
ERS799797,K17alfa61,0
ERS799797,K17alfa62,0
ERS799797,K18PH07C1,0
ERS799797,K2064PH2,0
ERS799797,K2069PH1,0
ERS799797,K21lambda1,0
ERS799797,K23PH08C2,0
ERS799797,K25PH129C1,0
ERS799797,K27PH129C1,0
ERS799797,K28PH129,0
ERS799797,K29PH164C1,0
ERS799797,K30lambda2,1
ERS799797,K32PH164C1,0
ERS799797,K33PH14C2,0
ERS799797,K34PH164,0
ERS799797,K35PH164C3,0
ERS799797,K39PH122C2,0
ERS799797,K40PH129C1,0
ERS799797,K43PH164C1,0
ERS799797,K45PH128C2,0
ERS799797,K46PH129,0
ERS799797,K48PH164C1,0
ERS799797,K49PH164C2,0
ERS799797,K50PH164C1,0
ERS799797,K51PH129C1,0
ERS799797,K52PH129C1,0
ERS799797,K53PH164C2,0
ERS799797,K54lambda1,0
ERS799797,K54lambda2,0
ERS799797,K56PH164C1,0
ERS799797,K57lambda1,0
ERS799797,K58PH129C2,0
ERS799797,K60PH164C1,0
ERS799797,K61PH164C1,0
ERS799797,K62PH164C2,0
ERS799797,K63PH128,0
ERS799797,K65PH164,1
ERS799797,K66PH128C1,0
ERS799797,K69PH164C2,0
ERS799797,K71PH129C1,0
ERS799797,K72PH164C2,0
ERS799797,K74PH129C2,0
ERS799797,K82P1,0
ERS702127,K1PH164C1,0
ERS702127,K2PH164C1,0
ERS702127,K2PH164C2,0
ERS702127,K2alfa62,0
ERS702127,K6PH25C3,0
ERS702127,K7PH164C4,1
ERS702127,K8PH128,0
ERS702127,K9PH25C2,0
ERS702127,K10PH82C1,0
ERS702127,K11PH164C1,0
ERS702127,K12P1_1,0
ERS702127,K13PH07C1L,0
ERS702127,K13PH07C1S,0
ERS702127,K14PH164C1,0
ERS702127,K15PH90,0
ERS702127,K16PH164C3,0
ERS702127,K17alfa61,0
ERS702127,K17alfa62,0
ERS702127,K18PH07C1,0
ERS702127,K2064PH2,0
ERS702127,K2069PH1,0
ERS702127,K21lambda1,0
ERS702127,K23PH08C2,0
ERS702127,K25PH129C1,0
ERS702127,K27PH129C1,0
ERS702127,K28PH129,0
ERS702127,K29PH164C1,1
ERS702127,K30lambda2,1
ERS702127,K32PH164C1,0
ERS702127,K33PH14C2,0
ERS702127,K34PH164,0
ERS702127,K35PH164C3,0
ERS702127,K39PH122C2,0
ERS702127,K40PH129C1,0
ERS702127,K43PH164C1,0
ERS702127,K45PH128C2,0
ERS702127,K46PH129,0
ERS702127,K48PH164C1,0
ERS702127,K49PH164C2,0
ERS702127,K50PH164C1,0
ERS702127,K51PH129C1,0
ERS702127,K52PH129C1,0
ERS702127,K53PH164C2,0
ERS702127,K54lambda1,0
ERS702127,K54lambda2,0
ERS702127,K56PH164C1,0
ERS702127,K57lambda1,0
ERS702127,K58PH129C2,0
ERS702127,K60PH164C1,0
ERS702127,K61PH164C1,0
ERS702127,K62PH164C2,1
ERS702127,K63PH128,0
ERS702127,K65PH164,1
ERS702127,K66PH128C1,0
ERS702127,K69PH164C2,1
ERS702127,K71PH129C1,0
ERS702127,K72PH164C2,0
ERS702127,K74PH129C2,0
ERS702127,K82P1,0
ERS715399,K1PH164C1,0
ERS715399,K2PH164C1,0
ERS715399,K2PH164C2,0
ERS715399,K2alfa62,0
ERS715399,K6PH25C3,0
ERS715399,K7PH164C4,1
ERS715399,K8PH128,0
ERS715399,K9PH25C2,0
ERS715399,K10PH82C1,0
ERS715399,K11PH164C1,0
ERS715399,K12P1_1,0
ERS715399,K13PH07C1L,0
ERS715399,K13PH07C1S,0
ERS715399,K14PH164C1,0
ERS715399,K15PH90,0
ERS715399,K16PH164C3,0
ERS715399,K17alfa61,0
ERS715399,K17alfa62,0
ERS715399,K18PH07C1,0
ERS715399,K2064PH2,0
ERS715399,K2069PH1,0
ERS715399,K21lambda1,0
ERS715399,K23PH08C2,0
ERS715399,K25PH129C1,0
ERS715399,K27PH129C1,0
ERS715399,K28PH129,0
ERS715399,K29PH164C1,0
ERS715399,K30lambda2,1
ERS715399,K32PH164C1,0
ERS715399,K33PH14C2,0
ERS715399,K34PH164,0
ERS715399,K35PH164C3,1
ERS715399,K39PH122C2,0
ERS715399,K40PH129C1,0
ERS715399,K43PH164C1,0
ERS715399,K45PH128C2,0
ERS715399,K46PH129,0
ERS715399,K48PH164C1,0
ERS715399,K49PH164C2,0
ERS715399,K50PH164C1,0
ERS715399,K51PH129C1,0
ERS715399,K52PH129C1,0
ERS715399,K53PH164C2,0
ERS715399,K54lambda1,0
ERS715399,K54lambda2,0
ERS715399,K56PH164C1,0
ERS715399,K57lambda1,0
ERS715399,K58PH129C2,0
ERS715399,K60PH164C1,0
ERS715399,K61PH164C1,0
ERS715399,K62PH164C2,0
ERS715399,K63PH128,0
ERS715399,K65PH164,0
ERS715399,K66PH128C1,0
ERS715399,K69PH164C2,0
ERS715399,K71PH129C1,0
ERS715399,K72PH164C2,0
ERS715399,K74PH129C2,0
ERS715399,K82P1,0
ERS701896,K1PH164C1,0
ERS701896,K2PH164C1,0
ERS701896,K2PH164C2,0
ERS701896,K2alfa62,0
ERS701896,K6PH25C3,0
ERS701896,K7PH164C4,1
ERS701896,K8PH128,0
ERS701896,K9PH25C2,0
ERS701896,K10PH82C1,0
ERS701896,K11PH164C1,0
ERS701896,K12P1_1,0
ERS701896,K13PH07C1L,0
ERS701896,K13PH07C1S,0
ERS701896,K14PH164C1,0
ERS701896,K15PH90,0
ERS701896,K16PH164C3,0
ERS701896,K17alfa61,0
ERS701896,K17alfa62,0
ERS701896,K18PH07C1,0
ERS701896,K2064PH2,0
ERS701896,K2069PH1,0
ERS701896,K21lambda1,0
ERS701896,K23PH08C2,0
ERS701896,K25PH129C1,0
ERS701896,K27PH129C1,0
ERS701896,K28PH129,0
ERS701896,K29PH164C1,0
ERS701896,K30lambda2,1
ERS701896,K32PH164C1,0
ERS701896,K33PH14C2,0
ERS701896,K34PH164,0
ERS701896,K35PH164C3,0
ERS701896,K39PH122C2,0
ERS701896,K40PH129C1,0
ERS701896,K43PH164C1,0
ERS701896,K45PH128C2,0
ERS701896,K46PH129,0
ERS701896,K48PH164C1,0
ERS701896,K49PH164C2,0
ERS701896,K50PH164C1,0
ERS701896,K51PH129C1,0
ERS701896,K52PH129C1,0
ERS701896,K53PH164C2,0
ERS701896,K54lambda1,0
ERS701896,K54lambda2,0
ERS701896,K56PH164C1,0
ERS701896,K57lambda1,0
ERS701896,K58PH129C2,0
ERS701896,K60PH164C1,0
ERS701896,K61PH164C1,0
ERS701896,K62PH164C2,0
ERS701896,K63PH128,0
ERS701896,K65PH164,1
ERS701896,K66PH128C1,0
ERS701896,K69PH164C2,0
ERS701896,K71PH129C1,0
ERS701896,K72PH164C2,0
ERS701896,K74PH129C2,0
ERS701896,K82P1,0
ERS736962,K1PH164C1,0
ERS736962,K2PH164C1,0
ERS736962,K2PH164C2,0
ERS736962,K2alfa62,0
ERS736962,K6PH25C3,0
ERS736962,K7PH164C4,0
ERS736962,K8PH128,0
ERS736962,K9PH25C2,0
ERS736962,K10PH82C1,0
ERS736962,K11PH164C1,0
ERS736962,K12P1_1,0
ERS736962,K13PH07C1L,0
ERS736962,K13PH07C1S,0
ERS736962,K14PH164C1,0
ERS736962,K15PH90,0
ERS736962,K16PH164C3,0
ERS736962,K17alfa61,0
ERS736962,K17alfa62,0
ERS736962,K18PH07C1,0
ERS736962,K2064PH2,0
ERS736962,K2069PH1,0
ERS736962,K21lambda1,0
ERS736962,K23PH08C2,0
ERS736962,K25PH129C1,0
ERS736962,K27PH129C1,0
ERS736962,K28PH129,0
ERS736962,K29PH164C1,0
ERS736962,K30lambda2,1
ERS736962,K32PH164C1,1
ERS736962,K33PH14C2,0
ERS736962,K34PH164,0
ERS736962,K35PH164C3,0
ERS736962,K39PH122C2,0
ERS736962,K40PH129C1,0
ERS736962,K43PH164C1,0
ERS736962,K45PH128C2,0
ERS736962,K46PH129,0
ERS736962,K48PH164C1,0
ERS736962,K49PH164C2,0
ERS736962,K50PH164C1,0
ERS736962,K51PH129C1,0
ERS736962,K52PH129C1,0
ERS736962,K53PH164C2,0
ERS736962,K54lambda1,0
ERS736962,K54lambda2,0
ERS736962,K56PH164C1,0
ERS736962,K57lambda1,0
ERS736962,K58PH129C2,0
ERS736962,K60PH164C1,0
ERS736962,K61PH164C1,0
ERS736962,K62PH164C2,0
ERS736962,K63PH128,0
ERS736962,K65PH164,1
ERS736962,K66PH128C1,0
ERS736962,K69PH164C2,0
ERS736962,K71PH129C1,0
ERS736962,K72PH164C2,0
ERS736962,K74PH129C2,0
ERS736962,K82P1,0
ERS686708,K1PH164C1,0
ERS686708,K2PH164C1,0
ERS686708,K2PH164C2,0
ERS686708,K2alfa62,0
ERS686708,K6PH25C3,0
ERS686708,K7PH164C4,0
ERS686708,K8PH128,0
ERS686708,K9PH25C2,0
ERS686708,K10PH82C1,0
ERS686708,K11PH164C1,0
ERS686708,K12P1_1,0
ERS686708,K13PH07C1L,0
ERS686708,K13PH07C1S,0
ERS686708,K14PH164C1,0
ERS686708,K15PH90,0
ERS686708,K16PH164C3,0
ERS686708,K17alfa61,0
ERS686708,K17alfa62,0
ERS686708,K18PH07C1,0
ERS686708,K2064PH2,1
ERS686708,K2069PH1,1
ERS686708,K21lambda1,0
ERS686708,K23PH08C2,0
ERS686708,K25PH129C1,0
ERS686708,K27PH129C1,0
ERS686708,K28PH129,0
ERS686708,K29PH164C1,0
ERS686708,K30lambda2,0
ERS686708,K32PH164C1,0
ERS686708,K33PH14C2,1
ERS686708,K34PH164,0
ERS686708,K35PH164C3,0
ERS686708,K39PH122C2,0
ERS686708,K40PH129C1,0
ERS686708,K43PH164C1,0
ERS686708,K45PH128C2,0
ERS686708,K46PH129,0
ERS686708,K48PH164C1,0
ERS686708,K49PH164C2,0
ERS686708,K50PH164C1,0
ERS686708,K51PH129C1,0
ERS686708,K52PH129C1,1
ERS686708,K53PH164C2,0
ERS686708,K54lambda1,0
ERS686708,K54lambda2,0
ERS686708,K56PH164C1,0
ERS686708,K57lambda1,0
ERS686708,K58PH129C2,0
ERS686708,K60PH164C1,0
ERS686708,K61PH164C1,0
ERS686708,K62PH164C2,0
ERS686708,K63PH128,0
ERS686708,K65PH164,0
ERS686708,K66PH128C1,0
ERS686708,K69PH164C2,1
ERS686708,K71PH129C1,0
ERS686708,K72PH164C2,0
ERS686708,K74PH129C2,0
ERS686708,K82P1,0
ERS715409,K1PH164C1,0
ERS715409,K2PH164C1,0
ERS715409,K2PH164C2,0
ERS715409,K2alfa62,0
ERS715409,K6PH25C3,0
ERS715409,K7PH164C4,0
ERS715409,K8PH128,0
ERS715409,K9PH25C2,0
ERS715409,K10PH82C1,0
ERS715409,K11PH164C1,0
ERS715409,K12P1_1,0
ERS715409,K13PH07C1L,0
ERS715409,K13PH07C1S,0
ERS715409,K14PH164C1,0
ERS715409,K15PH90,0
ERS715409,K16PH164C3,0
ERS715409,K17alfa61,0
ERS715409,K17alfa62,0
ERS715409,K18PH07C1,0
ERS715409,K2064PH2,0
ERS715409,K2069PH1,0
ERS715409,K21lambda1,0
ERS715409,K23PH08C2,0
ERS715409,K25PH129C1,0
ERS715409,K27PH129C1,0
ERS715409,K28PH129,0
ERS715409,K29PH164C1,0
ERS715409,K30lambda2,0
ERS715409,K32PH164C1,0
ERS715409,K33PH14C2,0
ERS715409,K34PH164,1
ERS715409,K35PH164C3,0
ERS715409,K39PH122C2,0
ERS715409,K40PH129C1,0
ERS715409,K43PH164C1,0
ERS715409,K45PH128C2,0
ERS715409,K46PH129,0
ERS715409,K48PH164C1,0
ERS715409,K49PH164C2,0
ERS715409,K50PH164C1,0
ERS715409,K51PH129C1,0
ERS715409,K52PH129C1,1
ERS715409,K53PH164C2,0
ERS715409,K54lambda1,0
ERS715409,K54lambda2,0
ERS715409,K56PH164C1,0
ERS715409,K57lambda1,0
ERS715409,K58PH129C2,0
ERS715409,K60PH164C1,0
ERS715409,K61PH164C1,0
ERS715409,K62PH164C2,0
ERS715409,K63PH128,0
ERS715409,K65PH164,0
ERS715409,K66PH128C1,0
ERS715409,K69PH164C2,0
ERS715409,K71PH129C1,0
ERS715409,K72PH164C2,0
ERS715409,K74PH129C2,0
ERS715409,K82P1,0
ERS686709,K1PH164C1,0
ERS686709,K2PH164C1,0
ERS686709,K2PH164C2,0
ERS686709,K2alfa62,0
ERS686709,K6PH25C3,0
ERS686709,K7PH164C4,1
ERS686709,K8PH128,0
ERS686709,K9PH25C2,0
ERS686709,K10PH82C1,0
ERS686709,K11PH164C1,0
ERS686709,K12P1_1,0
ERS686709,K13PH07C1L,0
ERS686709,K13PH07C1S,0
ERS686709,K14PH164C1,0
ERS686709,K15PH90,0
ERS686709,K16PH164C3,0
ERS686709,K17alfa61,0
ERS686709,K17alfa62,0
ERS686709,K18PH07C1,0
ERS686709,K2064PH2,1
ERS686709,K2069PH1,1
ERS686709,K21lambda1,0
ERS686709,K23PH08C2,0
ERS686709,K25PH129C1,0
ERS686709,K27PH129C1,0
ERS686709,K28PH129,0
ERS686709,K29PH164C1,0
ERS686709,K30lambda2,1
ERS686709,K32PH164C1,0
ERS686709,K33PH14C2,1
ERS686709,K34PH164,0
ERS686709,K35PH164C3,1
ERS686709,K39PH122C2,0
ERS686709,K40PH129C1,0
ERS686709,K43PH164C1,0
ERS686709,K45PH128C2,0
ERS686709,K46PH129,0
ERS686709,K48PH164C1,0
ERS686709,K49PH164C2,0
ERS686709,K50PH164C1,0
ERS686709,K51PH129C1,0
ERS686709,K52PH129C1,0
ERS686709,K53PH164C2,0
ERS686709,K54lambda1,0
ERS686709,K54lambda2,0
ERS686709,K56PH164C1,0
ERS686709,K57lambda1,0
ERS686709,K58PH129C2,0
ERS686709,K60PH164C1,0
ERS686709,K61PH164C1,0
ERS686709,K62PH164C2,0
ERS686709,K63PH128,0
ERS686709,K65PH164,1
ERS686709,K66PH128C1,0
ERS686709,K69PH164C2,0
ERS686709,K71PH129C1,0
ERS686709,K72PH164C2,0
ERS686709,K74PH129C2,0
ERS686709,K82P1,0
ERS764452,K1PH164C1,0
ERS764452,K2PH164C1,0
ERS764452,K2PH164C2,0
ERS764452,K2alfa62,0
ERS764452,K6PH25C3,0
ERS764452,K7PH164C4,1
ERS764452,K8PH128,0
ERS764452,K9PH25C2,0
ERS764452,K10PH82C1,0
ERS764452,K11PH164C1,0
ERS764452,K12P1_1,0
ERS764452,K13PH07C1L,0
ERS764452,K13PH07C1S,0
ERS764452,K14PH164C1,0
ERS764452,K15PH90,0
ERS764452,K16PH164C3,0
ERS764452,K17alfa61,0
ERS764452,K17alfa62,0
ERS764452,K18PH07C1,0
ERS764452,K2064PH2,0
ERS764452,K2069PH1,0
ERS764452,K21lambda1,0
ERS764452,K23PH08C2,0
ERS764452,K25PH129C1,0
ERS764452,K27PH129C1,0
ERS764452,K28PH129,0
ERS764452,K29PH164C1,0
ERS764452,K30lambda2,1
ERS764452,K32PH164C1,0
ERS764452,K33PH14C2,0
ERS764452,K34PH164,0
ERS764452,K35PH164C3,1
ERS764452,K39PH122C2,1
ERS764452,K40PH129C1,0
ERS764452,K43PH164C1,1
ERS764452,K45PH128C2,0
ERS764452,K46PH129,0
ERS764452,K48PH164C1,0
ERS764452,K49PH164C2,0
ERS764452,K50PH164C1,0
ERS764452,K51PH129C1,0
ERS764452,K52PH129C1,0
ERS764452,K53PH164C2,0
ERS764452,K54lambda1,0
ERS764452,K54lambda2,0
ERS764452,K56PH164C1,0
ERS764452,K57lambda1,0
ERS764452,K58PH129C2,0
ERS764452,K60PH164C1,0
ERS764452,K61PH164C1,0
ERS764452,K62PH164C2,0
ERS764452,K63PH128,0
ERS764452,K65PH164,1
ERS764452,K66PH128C1,0
ERS764452,K69PH164C2,0
ERS764452,K71PH129C1,0
ERS764452,K72PH164C2,0
ERS764452,K74PH129C2,0
ERS764452,K82P1,0
ERS799798,K1PH164C1,0
ERS799798,K2PH164C1,0
ERS799798,K2PH164C2,0
ERS799798,K2alfa62,0
ERS799798,K6PH25C3,0
ERS799798,K7PH164C4,0
ERS799798,K8PH128,0
ERS799798,K9PH25C2,0
ERS799798,K10PH82C1,0
ERS799798,K11PH164C1,0
ERS799798,K12P1_1,0
ERS799798,K13PH07C1L,0
ERS799798,K13PH07C1S,0
ERS799798,K14PH164C1,0
ERS799798,K15PH90,0
ERS799798,K16PH164C3,0
ERS799798,K17alfa61,0
ERS799798,K17alfa62,0
ERS799798,K18PH07C1,0
ERS799798,K2064PH2,0
ERS799798,K2069PH1,0
ERS799798,K21lambda1,0
ERS799798,K23PH08C2,0
ERS799798,K25PH129C1,0
ERS799798,K27PH129C1,0
ERS799798,K28PH129,0
ERS799798,K29PH164C1,0
ERS799798,K30lambda2,0
ERS799798,K32PH164C1,0
ERS799798,K33PH14C2,0
ERS799798,K34PH164,0
ERS799798,K35PH164C3,0
ERS799798,K39PH122C2,0
ERS799798,K40PH129C1,0
ERS799798,K43PH164C1,0
ERS799798,K45PH128C2,1
ERS799798,K46PH129,0
ERS799798,K48PH164C1,0
ERS799798,K49PH164C2,0
ERS799798,K50PH164C1,0
ERS799798,K51PH129C1,0
ERS799798,K52PH129C1,0
ERS799798,K53PH164C2,0
ERS799798,K54lambda1,0
ERS799798,K54lambda2,0
ERS799798,K56PH164C1,0
ERS799798,K57lambda1,0
ERS799798,K58PH129C2,0
ERS799798,K60PH164C1,0
ERS799798,K61PH164C1,0
ERS799798,K62PH164C2,0
ERS799798,K63PH128,0
ERS799798,K65PH164,0
ERS799798,K66PH128C1,0
ERS799798,K69PH164C2,0
ERS799798,K71PH129C1,0
ERS799798,K72PH164C2,0
ERS799798,K74PH129C2,0
ERS799798,K82P1,0
ERS715410,K1PH164C1,0
ERS715410,K2PH164C1,0
ERS715410,K2PH164C2,0
ERS715410,K2alfa62,0
ERS715410,K6PH25C3,0
ERS715410,K7PH164C4,0
ERS715410,K8PH128,0
ERS715410,K9PH25C2,0
ERS715410,K10PH82C1,0
ERS715410,K11PH164C1,0
ERS715410,K12P1_1,0
ERS715410,K13PH07C1L,0
ERS715410,K13PH07C1S,0
ERS715410,K14PH164C1,0
ERS715410,K15PH90,0
ERS715410,K16PH164C3,0
ERS715410,K17alfa61,0
ERS715410,K17alfa62,0
ERS715410,K18PH07C1,0
ERS715410,K2064PH2,0
ERS715410,K2069PH1,0
ERS715410,K21lambda1,0
ERS715410,K23PH08C2,0
ERS715410,K25PH129C1,0
ERS715410,K27PH129C1,0
ERS715410,K28PH129,0
ERS715410,K29PH164C1,0
ERS715410,K30lambda2,0
ERS715410,K32PH164C1,0
ERS715410,K33PH14C2,0
ERS715410,K34PH164,0
ERS715410,K35PH164C3,0
ERS715410,K39PH122C2,0
ERS715410,K40PH129C1,0
ERS715410,K43PH164C1,0
ERS715410,K45PH128C2,0
ERS715410,K46PH129,0
ERS715410,K48PH164C1,0
ERS715410,K49PH164C2,0
ERS715410,K50PH164C1,0
ERS715410,K51PH129C1,0
ERS715410,K52PH129C1,0
ERS715410,K53PH164C2,0
ERS715410,K54lambda1,0
ERS715410,K54lambda2,0
ERS715410,K56PH164C1,0
ERS715410,K57lambda1,0
ERS715410,K58PH129C2,0
ERS715410,K60PH164C1,0
ERS715410,K61PH164C1,0
ERS715410,K62PH164C2,0
ERS715410,K63PH128,0
ERS715410,K65PH164,0
ERS715410,K66PH128C1,0
ERS715410,K69PH164C2,0
ERS715410,K71PH129C1,0
ERS715410,K72PH164C2,0
ERS715410,K74PH129C2,0
ERS715410,K82P1,0
ERS686710,K1PH164C1,0
ERS686710,K2PH164C1,0
ERS686710,K2PH164C2,0
ERS686710,K2alfa62,0
ERS686710,K6PH25C3,0
ERS686710,K7PH164C4,1
ERS686710,K8PH128,0
ERS686710,K9PH25C2,0
ERS686710,K10PH82C1,0
ERS686710,K11PH164C1,0
ERS686710,K12P1_1,0
ERS686710,K13PH07C1L,0
ERS686710,K13PH07C1S,0
ERS686710,K14PH164C1,0
ERS686710,K15PH90,0
ERS686710,K16PH164C3,0
ERS686710,K17alfa61,0
ERS686710,K17alfa62,0
ERS686710,K18PH07C1,0
ERS686710,K2064PH2,1
ERS686710,K2069PH1,1
ERS686710,K21lambda1,0
ERS686710,K23PH08C2,0
ERS686710,K25PH129C1,0
ERS686710,K27PH129C1,0
ERS686710,K28PH129,0
ERS686710,K29PH164C1,0
ERS686710,K30lambda2,0
ERS686710,K32PH164C1,0
ERS686710,K33PH14C2,0
ERS686710,K34PH164,0
ERS686710,K35PH164C3,0
ERS686710,K39PH122C2,1
ERS686710,K40PH129C1,0
ERS686710,K43PH164C1,0
ERS686710,K45PH128C2,0
ERS686710,K46PH129,0
ERS686710,K48PH164C1,0
ERS686710,K49PH164C2,0
ERS686710,K50PH164C1,0
ERS686710,K51PH129C1,0
ERS686710,K52PH129C1,1
ERS686710,K53PH164C2,0
ERS686710,K54lambda1,0
ERS686710,K54lambda2,0
ERS686710,K56PH164C1,0
ERS686710,K57lambda1,0
ERS686710,K58PH129C2,0
ERS686710,K60PH164C1,0
ERS686710,K61PH164C1,0
ERS686710,K62PH164C2,0
ERS686710,K63PH128,0
ERS686710,K65PH164,0
ERS686710,K66PH128C1,0
ERS686710,K69PH164C2,1
ERS686710,K71PH129C1,0
ERS686710,K72PH164C2,0
ERS686710,K74PH129C2,0
ERS686710,K82P1,0
ERS686711,K1PH164C1,0
ERS686711,K2PH164C1,0
ERS686711,K2PH164C2,0
ERS686711,K2alfa62,0
ERS686711,K6PH25C3,0
ERS686711,K7PH164C4,0
ERS686711,K8PH128,0
ERS686711,K9PH25C2,0
ERS686711,K10PH82C1,0
ERS686711,K11PH164C1,0
ERS686711,K12P1_1,0
ERS686711,K13PH07C1L,0
ERS686711,K13PH07C1S,0
ERS686711,K14PH164C1,0
ERS686711,K15PH90,0
ERS686711,K16PH164C3,0
ERS686711,K17alfa61,0
ERS686711,K17alfa62,0
ERS686711,K18PH07C1,0
ERS686711,K2064PH2,0
ERS686711,K2069PH1,0
ERS686711,K21lambda1,0
ERS686711,K23PH08C2,0
ERS686711,K25PH129C1,0
ERS686711,K27PH129C1,0
ERS686711,K28PH129,0
ERS686711,K29PH164C1,0
ERS686711,K30lambda2,0
ERS686711,K32PH164C1,0
ERS686711,K33PH14C2,0
ERS686711,K34PH164,0
ERS686711,K35PH164C3,0
ERS686711,K39PH122C2,0
ERS686711,K40PH129C1,0
ERS686711,K43PH164C1,0
ERS686711,K45PH128C2,0
ERS686711,K46PH129,0
ERS686711,K48PH164C1,0
ERS686711,K49PH164C2,0
ERS686711,K50PH164C1,0
ERS686711,K51PH129C1,0
ERS686711,K52PH129C1,0
ERS686711,K53PH164C2,0
ERS686711,K54lambda1,0
ERS686711,K54lambda2,0
ERS686711,K56PH164C1,0
ERS686711,K57lambda1,0
ERS686711,K58PH129C2,0
ERS686711,K60PH164C1,0
ERS686711,K61PH164C1,0
ERS686711,K62PH164C2,0
ERS686711,K63PH128,0
ERS686711,K65PH164,1
ERS686711,K66PH128C1,0
ERS686711,K69PH164C2,0
ERS686711,K71PH129C1,0
ERS686711,K72PH164C2,0
ERS686711,K74PH129C2,0
ERS686711,K82P1,0
ERS685294,K1PH164C1,0
ERS685294,K2PH164C1,0
ERS685294,K2PH164C2,0
ERS685294,K2alfa62,0
ERS685294,K6PH25C3,0
ERS685294,K7PH164C4,0
ERS685294,K8PH128,0
ERS685294,K9PH25C2,0
ERS685294,K10PH82C1,0
ERS685294,K11PH164C1,0
ERS685294,K12P1_1,0
ERS685294,K13PH07C1L,0
ERS685294,K13PH07C1S,0
ERS685294,K14PH164C1,0
ERS685294,K15PH90,0
ERS685294,K16PH164C3,0
ERS685294,K17alfa61,0
ERS685294,K17alfa62,0
ERS685294,K18PH07C1,0
ERS685294,K2064PH2,0
ERS685294,K2069PH1,0
ERS685294,K21lambda1,0
ERS685294,K23PH08C2,0
ERS685294,K25PH129C1,0
ERS685294,K27PH129C1,0
ERS685294,K28PH129,0
ERS685294,K29PH164C1,0
ERS685294,K30lambda2,0
ERS685294,K32PH164C1,0
ERS685294,K33PH14C2,0
ERS685294,K34PH164,0
ERS685294,K35PH164C3,0
ERS685294,K39PH122C2,0
ERS685294,K40PH129C1,0
ERS685294,K43PH164C1,0
ERS685294,K45PH128C2,0
ERS685294,K46PH129,0
ERS685294,K48PH164C1,0
ERS685294,K49PH164C2,0
ERS685294,K50PH164C1,0
ERS685294,K51PH129C1,0
ERS685294,K52PH129C1,0
ERS685294,K53PH164C2,0
ERS685294,K54lambda1,0
ERS685294,K54lambda2,0
ERS685294,K56PH164C1,0
ERS685294,K57lambda1,0
ERS685294,K58PH129C2,0
ERS685294,K60PH164C1,0
ERS685294,K61PH164C1,0
ERS685294,K62PH164C2,0
ERS685294,K63PH128,0
ERS685294,K65PH164,0
ERS685294,K66PH128C1,0
ERS685294,K69PH164C2,0
ERS685294,K71PH129C1,0
ERS685294,K72PH164C2,0
ERS685294,K74PH129C2,0
ERS685294,K82P1,0
ERS747611,K1PH164C1,0
ERS747611,K2PH164C1,0
ERS747611,K2PH164C2,0
ERS747611,K2alfa62,0
ERS747611,K6PH25C3,0
ERS747611,K7PH164C4,0
ERS747611,K8PH128,0
ERS747611,K9PH25C2,0
ERS747611,K10PH82C1,0
ERS747611,K11PH164C1,0
ERS747611,K12P1_1,0
ERS747611,K13PH07C1L,0
ERS747611,K13PH07C1S,0
ERS747611,K14PH164C1,0
ERS747611,K15PH90,0
ERS747611,K16PH164C3,0
ERS747611,K17alfa61,0
ERS747611,K17alfa62,0
ERS747611,K18PH07C1,0
ERS747611,K2064PH2,0
ERS747611,K2069PH1,0
ERS747611,K21lambda1,0
ERS747611,K23PH08C2,0
ERS747611,K25PH129C1,0
ERS747611,K27PH129C1,0
ERS747611,K28PH129,0
ERS747611,K29PH164C1,0
ERS747611,K30lambda2,0
ERS747611,K32PH164C1,0
ERS747611,K33PH14C2,0
ERS747611,K34PH164,0
ERS747611,K35PH164C3,0
ERS747611,K39PH122C2,0
ERS747611,K40PH129C1,0
ERS747611,K43PH164C1,1
ERS747611,K45PH128C2,0
ERS747611,K46PH129,0
ERS747611,K48PH164C1,0
ERS747611,K49PH164C2,0
ERS747611,K50PH164C1,1
ERS747611,K51PH129C1,0
ERS747611,K52PH129C1,0
ERS747611,K53PH164C2,0
ERS747611,K54lambda1,0
ERS747611,K54lambda2,0
ERS747611,K56PH164C1,0
ERS747611,K57lambda1,0
ERS747611,K58PH129C2,0
ERS747611,K60PH164C1,0
ERS747611,K61PH164C1,0
ERS747611,K62PH164C2,0
ERS747611,K63PH128,0
ERS747611,K65PH164,1
ERS747611,K66PH128C1,0
ERS747611,K69PH164C2,0
ERS747611,K71PH129C1,0
ERS747611,K72PH164C2,0
ERS747611,K74PH129C2,0
ERS747611,K82P1,0
ERS744787,K1PH164C1,0
ERS744787,K2PH164C1,0
ERS744787,K2PH164C2,0
ERS744787,K2alfa62,0
ERS744787,K6PH25C3,0
ERS744787,K7PH164C4,0
ERS744787,K8PH128,0
ERS744787,K9PH25C2,0
ERS744787,K10PH82C1,0
ERS744787,K11PH164C1,0
ERS744787,K12P1_1,0
ERS744787,K13PH07C1L,0
ERS744787,K13PH07C1S,0
ERS744787,K14PH164C1,0
ERS744787,K15PH90,0
ERS744787,K16PH164C3,0
ERS744787,K17alfa61,0
ERS744787,K17alfa62,0
ERS744787,K18PH07C1,0
ERS744787,K2064PH2,0
ERS744787,K2069PH1,0
ERS744787,K21lambda1,0
ERS744787,K23PH08C2,0
ERS744787,K25PH129C1,0
ERS744787,K27PH129C1,0
ERS744787,K28PH129,0
ERS744787,K29PH164C1,0
ERS744787,K30lambda2,1
ERS744787,K32PH164C1,0
ERS744787,K33PH14C2,0
ERS744787,K34PH164,0
ERS744787,K35PH164C3,0
ERS744787,K39PH122C2,0
ERS744787,K40PH129C1,0
ERS744787,K43PH164C1,0
ERS744787,K45PH128C2,0
ERS744787,K46PH129,0
ERS744787,K48PH164C1,0
ERS744787,K49PH164C2,0
ERS744787,K50PH164C1,0
ERS744787,K51PH129C1,0
ERS744787,K52PH129C1,0
ERS744787,K53PH164C2,0
ERS744787,K54lambda1,0
ERS744787,K54lambda2,0
ERS744787,K56PH164C1,0
ERS744787,K57lambda1,0
ERS744787,K58PH129C2,0
ERS744787,K60PH164C1,0
ERS744787,K61PH164C1,0
ERS744787,K62PH164C2,0
ERS744787,K63PH128,0
ERS744787,K65PH164,0
ERS744787,K66PH128C1,0
ERS744787,K69PH164C2,0
ERS744787,K71PH129C1,0
ERS744787,K72PH164C2,0
ERS744787,K74PH129C2,0
ERS744787,K82P1,0
ERS702128,K1PH164C1,0
ERS702128,K2PH164C1,0
ERS702128,K2PH164C2,0
ERS702128,K2alfa62,0
ERS702128,K6PH25C3,0
ERS702128,K7PH164C4,1
ERS702128,K8PH128,0
ERS702128,K9PH25C2,0
ERS702128,K10PH82C1,0
ERS702128,K11PH164C1,0
ERS702128,K12P1_1,0
ERS702128,K13PH07C1L,0
ERS702128,K13PH07C1S,0
ERS702128,K14PH164C1,0
ERS702128,K15PH90,0
ERS702128,K16PH164C3,0
ERS702128,K17alfa61,0
ERS702128,K17alfa62,0
ERS702128,K18PH07C1,0
ERS702128,K2064PH2,0
ERS702128,K2069PH1,0
ERS702128,K21lambda1,0
ERS702128,K23PH08C2,0
ERS702128,K25PH129C1,0
ERS702128,K27PH129C1,0
ERS702128,K28PH129,0
ERS702128,K29PH164C1,0
ERS702128,K30lambda2,0
ERS702128,K32PH164C1,0
ERS702128,K33PH14C2,0
ERS702128,K34PH164,0
ERS702128,K35PH164C3,0
ERS702128,K39PH122C2,0
ERS702128,K40PH129C1,0
ERS702128,K43PH164C1,0
ERS702128,K45PH128C2,0
ERS702128,K46PH129,1
ERS702128,K48PH164C1,0
ERS702128,K49PH164C2,0
ERS702128,K50PH164C1,0
ERS702128,K51PH129C1,0
ERS702128,K52PH129C1,0
ERS702128,K53PH164C2,0
ERS702128,K54lambda1,0
ERS702128,K54lambda2,0
ERS702128,K56PH164C1,0
ERS702128,K57lambda1,0
ERS702128,K58PH129C2,0
ERS702128,K60PH164C1,0
ERS702128,K61PH164C1,0
ERS702128,K62PH164C2,0
ERS702128,K63PH128,0
ERS702128,K65PH164,0
ERS702128,K66PH128C1,0
ERS702128,K69PH164C2,0
ERS702128,K71PH129C1,0
ERS702128,K72PH164C2,0
ERS702128,K74PH129C2,0
ERS702128,K82P1,0
ERS715469,K1PH164C1,0
ERS715469,K2PH164C1,0
ERS715469,K2PH164C2,0
ERS715469,K2alfa62,0
ERS715469,K6PH25C3,0
ERS715469,K7PH164C4,1
ERS715469,K8PH128,0
ERS715469,K9PH25C2,0
ERS715469,K10PH82C1,0
ERS715469,K11PH164C1,0
ERS715469,K12P1_1,0
ERS715469,K13PH07C1L,0
ERS715469,K13PH07C1S,0
ERS715469,K14PH164C1,0
ERS715469,K15PH90,0
ERS715469,K16PH164C3,0
ERS715469,K17alfa61,0
ERS715469,K17alfa62,0
ERS715469,K18PH07C1,0
ERS715469,K2064PH2,0
ERS715469,K2069PH1,0
ERS715469,K21lambda1,0
ERS715469,K23PH08C2,0
ERS715469,K25PH129C1,0
ERS715469,K27PH129C1,0
ERS715469,K28PH129,0
ERS715469,K29PH164C1,0
ERS715469,K30lambda2,1
ERS715469,K32PH164C1,0
ERS715469,K33PH14C2,0
ERS715469,K34PH164,0
ERS715469,K35PH164C3,0
ERS715469,K39PH122C2,0
ERS715469,K40PH129C1,0
ERS715469,K43PH164C1,0
ERS715469,K45PH128C2,0
ERS715469,K46PH129,0
ERS715469,K48PH164C1,0
ERS715469,K49PH164C2,0
ERS715469,K50PH164C1,0
ERS715469,K51PH129C1,0
ERS715469,K52PH129C1,0
ERS715469,K53PH164C2,0
ERS715469,K54lambda1,0
ERS715469,K54lambda2,0
ERS715469,K56PH164C1,0
ERS715469,K57lambda1,0
ERS715469,K58PH129C2,0
ERS715469,K60PH164C1,0
ERS715469,K61PH164C1,0
ERS715469,K62PH164C2,0
ERS715469,K63PH128,0
ERS715469,K65PH164,1
ERS715469,K66PH128C1,0
ERS715469,K69PH164C2,0
ERS715469,K71PH129C1,0
ERS715469,K72PH164C2,0
ERS715469,K74PH129C2,0
ERS715469,K82P1,0
ERS715470,K1PH164C1,0
ERS715470,K2PH164C1,0
ERS715470,K2PH164C2,0
ERS715470,K2alfa62,0
ERS715470,K6PH25C3,0
ERS715470,K7PH164C4,0
ERS715470,K8PH128,0
ERS715470,K9PH25C2,0
ERS715470,K10PH82C1,0
ERS715470,K11PH164C1,0
ERS715470,K12P1_1,0
ERS715470,K13PH07C1L,0
ERS715470,K13PH07C1S,0
ERS715470,K14PH164C1,0
ERS715470,K15PH90,0
ERS715470,K16PH164C3,0
ERS715470,K17alfa61,0
ERS715470,K17alfa62,0
ERS715470,K18PH07C1,0
ERS715470,K2064PH2,0
ERS715470,K2069PH1,0
ERS715470,K21lambda1,0
ERS715470,K23PH08C2,0
ERS715470,K25PH129C1,0
ERS715470,K27PH129C1,0
ERS715470,K28PH129,0
ERS715470,K29PH164C1,0
ERS715470,K30lambda2,0
ERS715470,K32PH164C1,0
ERS715470,K33PH14C2,0
ERS715470,K34PH164,1
ERS715470,K35PH164C3,0
ERS715470,K39PH122C2,0
ERS715470,K40PH129C1,0
ERS715470,K43PH164C1,0
ERS715470,K45PH128C2,0
ERS715470,K46PH129,0
ERS715470,K48PH164C1,0
ERS715470,K49PH164C2,1
ERS715470,K50PH164C1,0
ERS715470,K51PH129C1,0
ERS715470,K52PH129C1,0
ERS715470,K53PH164C2,0
ERS715470,K54lambda1,0
ERS715470,K54lambda2,0
ERS715470,K56PH164C1,0
ERS715470,K57lambda1,0
ERS715470,K58PH129C2,0
ERS715470,K60PH164C1,0
ERS715470,K61PH164C1,0
ERS715470,K62PH164C2,0
ERS715470,K63PH128,0
ERS715470,K65PH164,1
ERS715470,K66PH128C1,0
ERS715470,K69PH164C2,0
ERS715470,K71PH129C1,0
ERS715470,K72PH164C2,0
ERS715470,K74PH129C2,0
ERS715470,K82P1,0
ERS715471,K1PH164C1,0
ERS715471,K2PH164C1,0
ERS715471,K2PH164C2,0
ERS715471,K2alfa62,0
ERS715471,K6PH25C3,0
ERS715471,K7PH164C4,0
ERS715471,K8PH128,0
ERS715471,K9PH25C2,0
ERS715471,K10PH82C1,0
ERS715471,K11PH164C1,0
ERS715471,K12P1_1,0
ERS715471,K13PH07C1L,0
ERS715471,K13PH07C1S,0
ERS715471,K14PH164C1,0
ERS715471,K15PH90,0
ERS715471,K16PH164C3,0
ERS715471,K17alfa61,0
ERS715471,K17alfa62,0
ERS715471,K18PH07C1,0
ERS715471,K2064PH2,0
ERS715471,K2069PH1,0
ERS715471,K21lambda1,0
ERS715471,K23PH08C2,0
ERS715471,K25PH129C1,0
ERS715471,K27PH129C1,0
ERS715471,K28PH129,0
ERS715471,K29PH164C1,0
ERS715471,K30lambda2,0
ERS715471,K32PH164C1,0
ERS715471,K33PH14C2,0
ERS715471,K34PH164,0
ERS715471,K35PH164C3,0
ERS715471,K39PH122C2,0
ERS715471,K40PH129C1,0
ERS715471,K43PH164C1,0
ERS715471,K45PH128C2,0
ERS715471,K46PH129,0
ERS715471,K48PH164C1,0
ERS715471,K49PH164C2,0
ERS715471,K50PH164C1,1
ERS715471,K51PH129C1,0
ERS715471,K52PH129C1,0
ERS715471,K53PH164C2,0
ERS715471,K54lambda1,0
ERS715471,K54lambda2,0
ERS715471,K56PH164C1,0
ERS715471,K57lambda1,0
ERS715471,K58PH129C2,0
ERS715471,K60PH164C1,0
ERS715471,K61PH164C1,0
ERS715471,K62PH164C2,0
ERS715471,K63PH128,0
ERS715471,K65PH164,1
ERS715471,K66PH128C1,0
ERS715471,K69PH164C2,0
ERS715471,K71PH129C1,0
ERS715471,K72PH164C2,0
ERS715471,K74PH129C2,0
ERS715471,K82P1,0
ERS706556,K1PH164C1,0
ERS706556,K2PH164C1,0
ERS706556,K2PH164C2,0
ERS706556,K2alfa62,0
ERS706556,K6PH25C3,0
ERS706556,K7PH164C4,0
ERS706556,K8PH128,0
ERS706556,K9PH25C2,0
ERS706556,K10PH82C1,0
ERS706556,K11PH164C1,0
ERS706556,K12P1_1,0
ERS706556,K13PH07C1L,0
ERS706556,K13PH07C1S,0
ERS706556,K14PH164C1,0
ERS706556,K15PH90,0
ERS706556,K16PH164C3,0
ERS706556,K17alfa61,0
ERS706556,K17alfa62,0
ERS706556,K18PH07C1,0
ERS706556,K2064PH2,0
ERS706556,K2069PH1,0
ERS706556,K21lambda1,0
ERS706556,K23PH08C2,0
ERS706556,K25PH129C1,0
ERS706556,K27PH129C1,0
ERS706556,K28PH129,0
ERS706556,K29PH164C1,0
ERS706556,K30lambda2,0
ERS706556,K32PH164C1,0
ERS706556,K33PH14C2,0
ERS706556,K34PH164,0
ERS706556,K35PH164C3,0
ERS706556,K39PH122C2,0
ERS706556,K40PH129C1,0
ERS706556,K43PH164C1,0
ERS706556,K45PH128C2,0
ERS706556,K46PH129,0
ERS706556,K48PH164C1,0
ERS706556,K49PH164C2,0
ERS706556,K50PH164C1,0
ERS706556,K51PH129C1,1
ERS706556,K52PH129C1,0
ERS706556,K53PH164C2,0
ERS706556,K54lambda1,0
ERS706556,K54lambda2,0
ERS706556,K56PH164C1,0
ERS706556,K57lambda1,0
ERS706556,K58PH129C2,0
ERS706556,K60PH164C1,0
ERS706556,K61PH164C1,0
ERS706556,K62PH164C2,0
ERS706556,K63PH128,0
ERS706556,K65PH164,0
ERS706556,K66PH128C1,0
ERS706556,K69PH164C2,0
ERS706556,K71PH129C1,0
ERS706556,K72PH164C2,0
ERS706556,K74PH129C2,0
ERS706556,K82P1,0
ERS718583,K1PH164C1,0
ERS718583,K2PH164C1,0
ERS718583,K2PH164C2,0
ERS718583,K2alfa62,0
ERS718583,K6PH25C3,0
ERS718583,K7PH164C4,1
ERS718583,K8PH128,0
ERS718583,K9PH25C2,0
ERS718583,K10PH82C1,0
ERS718583,K11PH164C1,0
ERS718583,K12P1_1,0
ERS718583,K13PH07C1L,0
ERS718583,K13PH07C1S,0
ERS718583,K14PH164C1,0
ERS718583,K15PH90,0
ERS718583,K16PH164C3,0
ERS718583,K17alfa61,0
ERS718583,K17alfa62,0
ERS718583,K18PH07C1,0
ERS718583,K2064PH2,0
ERS718583,K2069PH1,0
ERS718583,K21lambda1,0
ERS718583,K23PH08C2,1
ERS718583,K25PH129C1,0
ERS718583,K27PH129C1,0
ERS718583,K28PH129,0
ERS718583,K29PH164C1,0
ERS718583,K30lambda2,0
ERS718583,K32PH164C1,0
ERS718583,K33PH14C2,0
ERS718583,K34PH164,0
ERS718583,K35PH164C3,0
ERS718583,K39PH122C2,0
ERS718583,K40PH129C1,0
ERS718583,K43PH164C1,0
ERS718583,K45PH128C2,0
ERS718583,K46PH129,0
ERS718583,K48PH164C1,0
ERS718583,K49PH164C2,0
ERS718583,K50PH164C1,0
ERS718583,K51PH129C1,0
ERS718583,K52PH129C1,0
ERS718583,K53PH164C2,0
ERS718583,K54lambda1,1
ERS718583,K54lambda2,1
ERS718583,K56PH164C1,0
ERS718583,K57lambda1,0
ERS718583,K58PH129C2,0
ERS718583,K60PH164C1,0
ERS718583,K61PH164C1,0
ERS718583,K62PH164C2,0
ERS718583,K63PH128,0
ERS718583,K65PH164,0
ERS718583,K66PH128C1,0
ERS718583,K69PH164C2,0
ERS718583,K71PH129C1,0
ERS718583,K72PH164C2,0
ERS718583,K74PH129C2,0
ERS718583,K82P1,0
ERS715400,K1PH164C1,0
ERS715400,K2PH164C1,0
ERS715400,K2PH164C2,0
ERS715400,K2alfa62,0
ERS715400,K6PH25C3,0
ERS715400,K7PH164C4,0
ERS715400,K8PH128,0
ERS715400,K9PH25C2,0
ERS715400,K10PH82C1,0
ERS715400,K11PH164C1,0
ERS715400,K12P1_1,0
ERS715400,K13PH07C1L,0
ERS715400,K13PH07C1S,0
ERS715400,K14PH164C1,0
ERS715400,K15PH90,0
ERS715400,K16PH164C3,0
ERS715400,K17alfa61,0
ERS715400,K17alfa62,0
ERS715400,K18PH07C1,0
ERS715400,K2064PH2,0
ERS715400,K2069PH1,0
ERS715400,K21lambda1,0
ERS715400,K23PH08C2,0
ERS715400,K25PH129C1,0
ERS715400,K27PH129C1,0
ERS715400,K28PH129,0
ERS715400,K29PH164C1,0
ERS715400,K30lambda2,0
ERS715400,K32PH164C1,0
ERS715400,K33PH14C2,0
ERS715400,K34PH164,0
ERS715400,K35PH164C3,0
ERS715400,K39PH122C2,0
ERS715400,K40PH129C1,0
ERS715400,K43PH164C1,0
ERS715400,K45PH128C2,0
ERS715400,K46PH129,0
ERS715400,K48PH164C1,0
ERS715400,K49PH164C2,0
ERS715400,K50PH164C1,0
ERS715400,K51PH129C1,0
ERS715400,K52PH129C1,0
ERS715400,K53PH164C2,0
ERS715400,K54lambda1,0
ERS715400,K54lambda2,0
ERS715400,K56PH164C1,0
ERS715400,K57lambda1,0
ERS715400,K58PH129C2,0
ERS715400,K60PH164C1,0
ERS715400,K61PH164C1,0
ERS715400,K62PH164C2,0
ERS715400,K63PH128,0
ERS715400,K65PH164,1
ERS715400,K66PH128C1,0
ERS715400,K69PH164C2,1
ERS715400,K71PH129C1,0
ERS715400,K72PH164C2,0
ERS715400,K74PH129C2,0
ERS715400,K82P1,0
ERS702129,K1PH164C1,0
ERS702129,K2PH164C1,0
ERS702129,K2PH164C2,0
ERS702129,K2alfa62,0
ERS702129,K6PH25C3,0
ERS702129,K7PH164C4,1
ERS702129,K8PH128,0
ERS702129,K9PH25C2,0
ERS702129,K10PH82C1,0
ERS702129,K11PH164C1,0
ERS702129,K12P1_1,0
ERS702129,K13PH07C1L,0
ERS702129,K13PH07C1S,0
ERS702129,K14PH164C1,0
ERS702129,K15PH90,0
ERS702129,K16PH164C3,0
ERS702129,K17alfa61,0
ERS702129,K17alfa62,0
ERS702129,K18PH07C1,0
ERS702129,K2064PH2,0
ERS702129,K2069PH1,0
ERS702129,K21lambda1,0
ERS702129,K23PH08C2,0
ERS702129,K25PH129C1,0
ERS702129,K27PH129C1,0
ERS702129,K28PH129,0
ERS702129,K29PH164C1,0
ERS702129,K30lambda2,1
ERS702129,K32PH164C1,1
ERS702129,K33PH14C2,0
ERS702129,K34PH164,0
ERS702129,K35PH164C3,0
ERS702129,K39PH122C2,0
ERS702129,K40PH129C1,0
ERS702129,K43PH164C1,0
ERS702129,K45PH128C2,0
ERS702129,K46PH129,0
ERS702129,K48PH164C1,0
ERS702129,K49PH164C2,1
ERS702129,K50PH164C1,0
ERS702129,K51PH129C1,0
ERS702129,K52PH129C1,0
ERS702129,K53PH164C2,0
ERS702129,K54lambda1,0
ERS702129,K54lambda2,0
ERS702129,K56PH164C1,1
ERS702129,K57lambda1,0
ERS702129,K58PH129C2,0
ERS702129,K60PH164C1,0
ERS702129,K61PH164C1,0
ERS702129,K62PH164C2,0
ERS702129,K63PH128,0
ERS702129,K65PH164,1
ERS702129,K66PH128C1,0
ERS702129,K69PH164C2,0
ERS702129,K71PH129C1,0
ERS702129,K72PH164C2,0
ERS702129,K74PH129C2,0
ERS702129,K82P1,0
ERS523589,K1PH164C1,0
ERS523589,K2PH164C1,0
ERS523589,K2PH164C2,0
ERS523589,K2alfa62,0
ERS523589,K6PH25C3,0
ERS523589,K7PH164C4,1
ERS523589,K8PH128,0
ERS523589,K9PH25C2,0
ERS523589,K10PH82C1,0
ERS523589,K11PH164C1,1
ERS523589,K12P1_1,0
ERS523589,K13PH07C1L,0
ERS523589,K13PH07C1S,0
ERS523589,K14PH164C1,0
ERS523589,K15PH90,0
ERS523589,K16PH164C3,0
ERS523589,K17alfa61,0
ERS523589,K17alfa62,0
ERS523589,K18PH07C1,0
ERS523589,K2064PH2,0
ERS523589,K2069PH1,0
ERS523589,K21lambda1,0
ERS523589,K23PH08C2,0
ERS523589,K25PH129C1,0
ERS523589,K27PH129C1,0
ERS523589,K28PH129,0
ERS523589,K29PH164C1,0
ERS523589,K30lambda2,0
ERS523589,K32PH164C1,0
ERS523589,K33PH14C2,0
ERS523589,K34PH164,0
ERS523589,K35PH164C3,0
ERS523589,K39PH122C2,0
ERS523589,K40PH129C1,0
ERS523589,K43PH164C1,0
ERS523589,K45PH128C2,0
ERS523589,K46PH129,0
ERS523589,K48PH164C1,0
ERS523589,K49PH164C2,0
ERS523589,K50PH164C1,0
ERS523589,K51PH129C1,0
ERS523589,K52PH129C1,0
ERS523589,K53PH164C2,0
ERS523589,K54lambda1,0
ERS523589,K54lambda2,0
ERS523589,K56PH164C1,0
ERS523589,K57lambda1,1
ERS523589,K58PH129C2,0
ERS523589,K60PH164C1,0
ERS523589,K61PH164C1,0
ERS523589,K62PH164C2,0
ERS523589,K63PH128,0
ERS523589,K65PH164,1
ERS523589,K66PH128C1,0
ERS523589,K69PH164C2,0
ERS523589,K71PH129C1,0
ERS523589,K72PH164C2,0
ERS523589,K74PH129C2,0
ERS523589,K82P1,0
ERS715401,K1PH164C1,0
ERS715401,K2PH164C1,0
ERS715401,K2PH164C2,0
ERS715401,K2alfa62,0
ERS715401,K6PH25C3,0
ERS715401,K7PH164C4,0
ERS715401,K8PH128,0
ERS715401,K9PH25C2,0
ERS715401,K10PH82C1,0
ERS715401,K11PH164C1,0
ERS715401,K12P1_1,0
ERS715401,K13PH07C1L,0
ERS715401,K13PH07C1S,0
ERS715401,K14PH164C1,0
ERS715401,K15PH90,0
ERS715401,K16PH164C3,0
ERS715401,K17alfa61,0
ERS715401,K17alfa62,0
ERS715401,K18PH07C1,0
ERS715401,K2064PH2,0
ERS715401,K2069PH1,0
ERS715401,K21lambda1,0
ERS715401,K23PH08C2,1
ERS715401,K25PH129C1,0
ERS715401,K27PH129C1,0
ERS715401,K28PH129,0
ERS715401,K29PH164C1,0
ERS715401,K30lambda2,0
ERS715401,K32PH164C1,0
ERS715401,K33PH14C2,0
ERS715401,K34PH164,0
ERS715401,K35PH164C3,0
ERS715401,K39PH122C2,0
ERS715401,K40PH129C1,0
ERS715401,K43PH164C1,0
ERS715401,K45PH128C2,0
ERS715401,K46PH129,0
ERS715401,K48PH164C1,0
ERS715401,K49PH164C2,0
ERS715401,K50PH164C1,0
ERS715401,K51PH129C1,0
ERS715401,K52PH129C1,0
ERS715401,K53PH164C2,0
ERS715401,K54lambda1,1
ERS715401,K54lambda2,0
ERS715401,K56PH164C1,0
ERS715401,K57lambda1,0
ERS715401,K58PH129C2,1
ERS715401,K60PH164C1,0
ERS715401,K61PH164C1,0
ERS715401,K62PH164C2,0
ERS715401,K63PH128,0
ERS715401,K65PH164,0
ERS715401,K66PH128C1,0
ERS715401,K69PH164C2,0
ERS715401,K71PH129C1,0
ERS715401,K72PH164C2,0
ERS715401,K74PH129C2,0
ERS715401,K82P1,0
ERS715472,K1PH164C1,0
ERS715472,K2PH164C1,0
ERS715472,K2PH164C2,0
ERS715472,K2alfa62,0
ERS715472,K6PH25C3,0
ERS715472,K7PH164C4,0
ERS715472,K8PH128,0
ERS715472,K9PH25C2,0
ERS715472,K10PH82C1,0
ERS715472,K11PH164C1,0
ERS715472,K12P1_1,0
ERS715472,K13PH07C1L,0
ERS715472,K13PH07C1S,0
ERS715472,K14PH164C1,0
ERS715472,K15PH90,0
ERS715472,K16PH164C3,0
ERS715472,K17alfa61,0
ERS715472,K17alfa62,0
ERS715472,K18PH07C1,0
ERS715472,K2064PH2,0
ERS715472,K2069PH1,0
ERS715472,K21lambda1,0
ERS715472,K23PH08C2,0
ERS715472,K25PH129C1,0
ERS715472,K27PH129C1,0
ERS715472,K28PH129,0
ERS715472,K29PH164C1,0
ERS715472,K30lambda2,0
ERS715472,K32PH164C1,0
ERS715472,K33PH14C2,0
ERS715472,K34PH164,0
ERS715472,K35PH164C3,0
ERS715472,K39PH122C2,0
ERS715472,K40PH129C1,0
ERS715472,K43PH164C1,0
ERS715472,K45PH128C2,0
ERS715472,K46PH129,0
ERS715472,K48PH164C1,0
ERS715472,K49PH164C2,0
ERS715472,K50PH164C1,0
ERS715472,K51PH129C1,0
ERS715472,K52PH129C1,0
ERS715472,K53PH164C2,0
ERS715472,K54lambda1,0
ERS715472,K54lambda2,0
ERS715472,K56PH164C1,0
ERS715472,K57lambda1,0
ERS715472,K58PH129C2,0
ERS715472,K60PH164C1,0
ERS715472,K61PH164C1,0
ERS715472,K62PH164C2,0
ERS715472,K63PH128,0
ERS715472,K65PH164,1
ERS715472,K66PH128C1,0
ERS715472,K69PH164C2,0
ERS715472,K71PH129C1,0
ERS715472,K72PH164C2,0
ERS715472,K74PH129C2,0
ERS715472,K82P1,0
ERS702130,K1PH164C1,0
ERS702130,K2PH164C1,0
ERS702130,K2PH164C2,0
ERS702130,K2alfa62,0
ERS702130,K6PH25C3,0
ERS702130,K7PH164C4,1
ERS702130,K8PH128,0
ERS702130,K9PH25C2,0
ERS702130,K10PH82C1,0
ERS702130,K11PH164C1,0
ERS702130,K12P1_1,0
ERS702130,K13PH07C1L,0
ERS702130,K13PH07C1S,0
ERS702130,K14PH164C1,0
ERS702130,K15PH90,0
ERS702130,K16PH164C3,0
ERS702130,K17alfa61,0
ERS702130,K17alfa62,0
ERS702130,K18PH07C1,0
ERS702130,K2064PH2,1
ERS702130,K2069PH1,0
ERS702130,K21lambda1,0
ERS702130,K23PH08C2,0
ERS702130,K25PH129C1,0
ERS702130,K27PH129C1,0
ERS702130,K28PH129,0
ERS702130,K29PH164C1,0
ERS702130,K30lambda2,0
ERS702130,K32PH164C1,0
ERS702130,K33PH14C2,0
ERS702130,K34PH164,1
ERS702130,K35PH164C3,0
ERS702130,K39PH122C2,0
ERS702130,K40PH129C1,0
ERS702130,K43PH164C1,0
ERS702130,K45PH128C2,0
ERS702130,K46PH129,0
ERS702130,K48PH164C1,0
ERS702130,K49PH164C2,1
ERS702130,K50PH164C1,0
ERS702130,K51PH129C1,0
ERS702130,K52PH129C1,0
ERS702130,K53PH164C2,0
ERS702130,K54lambda1,0
ERS702130,K54lambda2,0
ERS702130,K56PH164C1,0
ERS702130,K57lambda1,0
ERS702130,K58PH129C2,0
ERS702130,K60PH164C1,1
ERS702130,K61PH164C1,0
ERS702130,K62PH164C2,0
ERS702130,K63PH128,0
ERS702130,K65PH164,1
ERS702130,K66PH128C1,0
ERS702130,K69PH164C2,0
ERS702130,K71PH129C1,1
ERS702130,K72PH164C2,0
ERS702130,K74PH129C2,0
ERS702130,K82P1,0
ERS685295,K1PH164C1,0
ERS685295,K2PH164C1,0
ERS685295,K2PH164C2,0
ERS685295,K2alfa62,0
ERS685295,K6PH25C3,0
ERS685295,K7PH164C4,0
ERS685295,K8PH128,0
ERS685295,K9PH25C2,0
ERS685295,K10PH82C1,0
ERS685295,K11PH164C1,0
ERS685295,K12P1_1,0
ERS685295,K13PH07C1L,0
ERS685295,K13PH07C1S,0
ERS685295,K14PH164C1,0
ERS685295,K15PH90,0
ERS685295,K16PH164C3,0
ERS685295,K17alfa61,0
ERS685295,K17alfa62,0
ERS685295,K18PH07C1,0
ERS685295,K2064PH2,0
ERS685295,K2069PH1,0
ERS685295,K21lambda1,0
ERS685295,K23PH08C2,0
ERS685295,K25PH129C1,0
ERS685295,K27PH129C1,0
ERS685295,K28PH129,0
ERS685295,K29PH164C1,0
ERS685295,K30lambda2,0
ERS685295,K32PH164C1,0
ERS685295,K33PH14C2,0
ERS685295,K34PH164,0
ERS685295,K35PH164C3,0
ERS685295,K39PH122C2,0
ERS685295,K40PH129C1,0
ERS685295,K43PH164C1,0
ERS685295,K45PH128C2,0
ERS685295,K46PH129,0
ERS685295,K48PH164C1,0
ERS685295,K49PH164C2,0
ERS685295,K50PH164C1,0
ERS685295,K51PH129C1,0
ERS685295,K52PH129C1,0
ERS685295,K53PH164C2,0
ERS685295,K54lambda1,0
ERS685295,K54lambda2,0
ERS685295,K56PH164C1,0
ERS685295,K57lambda1,0
ERS685295,K58PH129C2,0
ERS685295,K60PH164C1,0
ERS685295,K61PH164C1,1
ERS685295,K62PH164C2,0
ERS685295,K63PH128,0
ERS685295,K65PH164,0
ERS685295,K66PH128C1,0
ERS685295,K69PH164C2,0
ERS685295,K71PH129C1,0
ERS685295,K72PH164C2,0
ERS685295,K74PH129C2,0
ERS685295,K82P1,0
ERS718584,K1PH164C1,0
ERS718584,K2PH164C1,0
ERS718584,K2PH164C2,0
ERS718584,K2alfa62,0
ERS718584,K6PH25C3,0
ERS718584,K7PH164C4,0
ERS718584,K8PH128,0
ERS718584,K9PH25C2,0
ERS718584,K10PH82C1,0
ERS718584,K11PH164C1,0
ERS718584,K12P1_1,0
ERS718584,K13PH07C1L,0
ERS718584,K13PH07C1S,0
ERS718584,K14PH164C1,0
ERS718584,K15PH90,0
ERS718584,K16PH164C3,0
ERS718584,K17alfa61,0
ERS718584,K17alfa62,1
ERS718584,K18PH07C1,0
ERS718584,K2064PH2,1
ERS718584,K2069PH1,1
ERS718584,K21lambda1,0
ERS718584,K23PH08C2,0
ERS718584,K25PH129C1,0
ERS718584,K27PH129C1,0
ERS718584,K28PH129,0
ERS718584,K29PH164C1,1
ERS718584,K30lambda2,0
ERS718584,K32PH164C1,0
ERS718584,K33PH14C2,0
ERS718584,K34PH164,0
ERS718584,K35PH164C3,0
ERS718584,K39PH122C2,0
ERS718584,K40PH129C1,0
ERS718584,K43PH164C1,0
ERS718584,K45PH128C2,0
ERS718584,K46PH129,0
ERS718584,K48PH164C1,0
ERS718584,K49PH164C2,0
ERS718584,K50PH164C1,0
ERS718584,K51PH129C1,0
ERS718584,K52PH129C1,1
ERS718584,K53PH164C2,0
ERS718584,K54lambda1,0
ERS718584,K54lambda2,0
ERS718584,K56PH164C1,0
ERS718584,K57lambda1,0
ERS718584,K58PH129C2,0
ERS718584,K60PH164C1,0
ERS718584,K61PH164C1,0
ERS718584,K62PH164C2,1
ERS718584,K63PH128,0
ERS718584,K65PH164,1
ERS718584,K66PH128C1,0
ERS718584,K69PH164C2,0
ERS718584,K71PH129C1,0
ERS718584,K72PH164C2,0
ERS718584,K74PH129C2,0
ERS718584,K82P1,0
ERS702131,K1PH164C1,0
ERS702131,K2PH164C1,0
ERS702131,K2PH164C2,0
ERS702131,K2alfa62,0
ERS702131,K6PH25C3,0
ERS702131,K7PH164C4,0
ERS702131,K8PH128,0
ERS702131,K9PH25C2,0
ERS702131,K10PH82C1,0
ERS702131,K11PH164C1,0
ERS702131,K12P1_1,0
ERS702131,K13PH07C1L,0
ERS702131,K13PH07C1S,0
ERS702131,K14PH164C1,0
ERS702131,K15PH90,0
ERS702131,K16PH164C3,0
ERS702131,K17alfa61,0
ERS702131,K17alfa62,0
ERS702131,K18PH07C1,0
ERS702131,K2064PH2,1
ERS702131,K2069PH1,0
ERS702131,K21lambda1,0
ERS702131,K23PH08C2,0
ERS702131,K25PH129C1,0
ERS702131,K27PH129C1,0
ERS702131,K28PH129,0
ERS702131,K29PH164C1,0
ERS702131,K30lambda2,0
ERS702131,K32PH164C1,0
ERS702131,K33PH14C2,0
ERS702131,K34PH164,0
ERS702131,K35PH164C3,0
ERS702131,K39PH122C2,0
ERS702131,K40PH129C1,0
ERS702131,K43PH164C1,0
ERS702131,K45PH128C2,0
ERS702131,K46PH129,0
ERS702131,K48PH164C1,0
ERS702131,K49PH164C2,0
ERS702131,K50PH164C1,0
ERS702131,K51PH129C1,0
ERS702131,K52PH129C1,0
ERS702131,K53PH164C2,0
ERS702131,K54lambda1,0
ERS702131,K54lambda2,0
ERS702131,K56PH164C1,0
ERS702131,K57lambda1,0
ERS702131,K58PH129C2,0
ERS702131,K60PH164C1,0
ERS702131,K61PH164C1,0
ERS702131,K62PH164C2,0
ERS702131,K63PH128,1
ERS702131,K65PH164,0
ERS702131,K66PH128C1,0
ERS702131,K69PH164C2,0
ERS702131,K71PH129C1,0
ERS702131,K72PH164C2,0
ERS702131,K74PH129C2,1
ERS702131,K82P1,0
ERS686706,K1PH164C1,0
ERS686706,K2PH164C1,0
ERS686706,K2PH164C2,0
ERS686706,K2alfa62,0
ERS686706,K6PH25C3,0
ERS686706,K7PH164C4,1
ERS686706,K8PH128,0
ERS686706,K9PH25C2,0
ERS686706,K10PH82C1,0
ERS686706,K11PH164C1,0
ERS686706,K12P1_1,0
ERS686706,K13PH07C1L,0
ERS686706,K13PH07C1S,0
ERS686706,K14PH164C1,0
ERS686706,K15PH90,0
ERS686706,K16PH164C3,0
ERS686706,K17alfa61,0
ERS686706,K17alfa62,0
ERS686706,K18PH07C1,0
ERS686706,K2064PH2,1
ERS686706,K2069PH1,1
ERS686706,K21lambda1,0
ERS686706,K23PH08C2,0
ERS686706,K25PH129C1,0
ERS686706,K27PH129C1,0
ERS686706,K28PH129,0
ERS686706,K29PH164C1,0
ERS686706,K30lambda2,1
ERS686706,K32PH164C1,0
ERS686706,K33PH14C2,0
ERS686706,K34PH164,1
ERS686706,K35PH164C3,0
ERS686706,K39PH122C2,0
ERS686706,K40PH129C1,0
ERS686706,K43PH164C1,0
ERS686706,K45PH128C2,0
ERS686706,K46PH129,0
ERS686706,K48PH164C1,0
ERS686706,K49PH164C2,0
ERS686706,K50PH164C1,1
ERS686706,K51PH129C1,0
ERS686706,K52PH129C1,0
ERS686706,K53PH164C2,0
ERS686706,K54lambda1,0
ERS686706,K54lambda2,0
ERS686706,K56PH164C1,0
ERS686706,K57lambda1,0
ERS686706,K58PH129C2,0
ERS686706,K60PH164C1,0
ERS686706,K61PH164C1,0
ERS686706,K62PH164C2,1
ERS686706,K63PH128,0
ERS686706,K65PH164,1
ERS686706,K66PH128C1,0
ERS686706,K69PH164C2,0
ERS686706,K71PH129C1,0
ERS686706,K72PH164C2,0
ERS686706,K74PH129C2,0
ERS686706,K82P1,0
ERS702132,K1PH164C1,0
ERS702132,K2PH164C1,0
ERS702132,K2PH164C2,0
ERS702132,K2alfa62,0
ERS702132,K6PH25C3,0
ERS702132,K7PH164C4,1
ERS702132,K8PH128,0
ERS702132,K9PH25C2,0
ERS702132,K10PH82C1,0
ERS702132,K11PH164C1,0
ERS702132,K12P1_1,0
ERS702132,K13PH07C1L,0
ERS702132,K13PH07C1S,0
ERS702132,K14PH164C1,0
ERS702132,K15PH90,0
ERS702132,K16PH164C3,0
ERS702132,K17alfa61,0
ERS702132,K17alfa62,0
ERS702132,K18PH07C1,0
ERS702132,K2064PH2,0
ERS702132,K2069PH1,0
ERS702132,K21lambda1,0
ERS702132,K23PH08C2,0
ERS702132,K25PH129C1,0
ERS702132,K27PH129C1,0
ERS702132,K28PH129,0
ERS702132,K29PH164C1,0
ERS702132,K30lambda2,1
ERS702132,K32PH164C1,0
ERS702132,K33PH14C2,0
ERS702132,K34PH164,0
ERS702132,K35PH164C3,0
ERS702132,K39PH122C2,0
ERS702132,K40PH129C1,0
ERS702132,K43PH164C1,0
ERS702132,K45PH128C2,0
ERS702132,K46PH129,0
ERS702132,K48PH164C1,0
ERS702132,K49PH164C2,0
ERS702132,K50PH164C1,0
ERS702132,K51PH129C1,0
ERS702132,K52PH129C1,0
ERS702132,K53PH164C2,0
ERS702132,K54lambda1,0
ERS702132,K54lambda2,0
ERS702132,K56PH164C1,0
ERS702132,K57lambda1,0
ERS702132,K58PH129C2,0
ERS702132,K60PH164C1,0
ERS702132,K61PH164C1,0
ERS702132,K62PH164C2,1
ERS702132,K63PH128,0
ERS702132,K65PH164,1
ERS702132,K66PH128C1,0
ERS702132,K69PH164C2,0
ERS702132,K71PH129C1,0
ERS702132,K72PH164C2,0
ERS702132,K74PH129C2,0
ERS702132,K82P1,0
ERS702133,K1PH164C1,0
ERS702133,K2PH164C1,0
ERS702133,K2PH164C2,0
ERS702133,K2alfa62,0
ERS702133,K6PH25C3,0
ERS702133,K7PH164C4,0
ERS702133,K8PH128,0
ERS702133,K9PH25C2,0
ERS702133,K10PH82C1,0
ERS702133,K11PH164C1,0
ERS702133,K12P1_1,0
ERS702133,K13PH07C1L,0
ERS702133,K13PH07C1S,0
ERS702133,K14PH164C1,0
ERS702133,K15PH90,0
ERS702133,K16PH164C3,0
ERS702133,K17alfa61,0
ERS702133,K17alfa62,0
ERS702133,K18PH07C1,0
ERS702133,K2064PH2,0
ERS702133,K2069PH1,0
ERS702133,K21lambda1,0
ERS702133,K23PH08C2,0
ERS702133,K25PH129C1,0
ERS702133,K27PH129C1,0
ERS702133,K28PH129,0
ERS702133,K29PH164C1,0
ERS702133,K30lambda2,0
ERS702133,K32PH164C1,0
ERS702133,K33PH14C2,0
ERS702133,K34PH164,0
ERS702133,K35PH164C3,0
ERS702133,K39PH122C2,0
ERS702133,K40PH129C1,0
ERS702133,K43PH164C1,0
ERS702133,K45PH128C2,0
ERS702133,K46PH129,0
ERS702133,K48PH164C1,0
ERS702133,K49PH164C2,0
ERS702133,K50PH164C1,0
ERS702133,K51PH129C1,0
ERS702133,K52PH129C1,0
ERS702133,K53PH164C2,0
ERS702133,K54lambda1,0
ERS702133,K54lambda2,0
ERS702133,K56PH164C1,0
ERS702133,K57lambda1,0
ERS702133,K58PH129C2,0
ERS702133,K60PH164C1,0
ERS702133,K61PH164C1,0
ERS702133,K62PH164C2,0
ERS702133,K63PH128,0
ERS702133,K65PH164,0
ERS702133,K66PH128C1,1
ERS702133,K69PH164C2,0
ERS702133,K71PH129C1,0
ERS702133,K72PH164C2,0
ERS702133,K74PH129C2,0
ERS702133,K82P1,0
ERS715473,K1PH164C1,0
ERS715473,K2PH164C1,0
ERS715473,K2PH164C2,0
ERS715473,K2alfa62,0
ERS715473,K6PH25C3,0
ERS715473,K7PH164C4,1
ERS715473,K8PH128,0
ERS715473,K9PH25C2,0
ERS715473,K10PH82C1,0
ERS715473,K11PH164C1,0
ERS715473,K12P1_1,0
ERS715473,K13PH07C1L,0
ERS715473,K13PH07C1S,0
ERS715473,K14PH164C1,0
ERS715473,K15PH90,0
ERS715473,K16PH164C3,0
ERS715473,K17alfa61,0
ERS715473,K17alfa62,0
ERS715473,K18PH07C1,0
ERS715473,K2064PH2,0
ERS715473,K2069PH1,0
ERS715473,K21lambda1,0
ERS715473,K23PH08C2,0
ERS715473,K25PH129C1,0
ERS715473,K27PH129C1,0
ERS715473,K28PH129,0
ERS715473,K29PH164C1,0
ERS715473,K30lambda2,1
ERS715473,K32PH164C1,0
ERS715473,K33PH14C2,0
ERS715473,K34PH164,1
ERS715473,K35PH164C3,0
ERS715473,K39PH122C2,0
ERS715473,K40PH129C1,0
ERS715473,K43PH164C1,0
ERS715473,K45PH128C2,0
ERS715473,K46PH129,0
ERS715473,K48PH164C1,0
ERS715473,K49PH164C2,0
ERS715473,K50PH164C1,0
ERS715473,K51PH129C1,0
ERS715473,K52PH129C1,0
ERS715473,K53PH164C2,0
ERS715473,K54lambda1,0
ERS715473,K54lambda2,0
ERS715473,K56PH164C1,0
ERS715473,K57lambda1,1
ERS715473,K58PH129C2,0
ERS715473,K60PH164C1,0
ERS715473,K61PH164C1,0
ERS715473,K62PH164C2,1
ERS715473,K63PH128,0
ERS715473,K65PH164,0
ERS715473,K66PH128C1,0
ERS715473,K69PH164C2,0
ERS715473,K71PH129C1,0
ERS715473,K72PH164C2,0
ERS715473,K74PH129C2,0
ERS715473,K82P1,0
ERS659577,K1PH164C1,0
ERS659577,K2PH164C1,0
ERS659577,K2PH164C2,0
ERS659577,K2alfa62,0
ERS659577,K6PH25C3,0
ERS659577,K7PH164C4,0
ERS659577,K8PH128,0
ERS659577,K9PH25C2,0
ERS659577,K10PH82C1,0
ERS659577,K11PH164C1,0
ERS659577,K12P1_1,0
ERS659577,K13PH07C1L,0
ERS659577,K13PH07C1S,0
ERS659577,K14PH164C1,0
ERS659577,K15PH90,0
ERS659577,K16PH164C3,0
ERS659577,K17alfa61,0
ERS659577,K17alfa62,0
ERS659577,K18PH07C1,0
ERS659577,K2064PH2,1
ERS659577,K2069PH1,0
ERS659577,K21lambda1,0
ERS659577,K23PH08C2,0
ERS659577,K25PH129C1,0
ERS659577,K27PH129C1,0
ERS659577,K28PH129,0
ERS659577,K29PH164C1,0
ERS659577,K30lambda2,0
ERS659577,K32PH164C1,0
ERS659577,K33PH14C2,0
ERS659577,K34PH164,0
ERS659577,K35PH164C3,0
ERS659577,K39PH122C2,0
ERS659577,K40PH129C1,0
ERS659577,K43PH164C1,0
ERS659577,K45PH128C2,0
ERS659577,K46PH129,0
ERS659577,K48PH164C1,0
ERS659577,K49PH164C2,0
ERS659577,K50PH164C1,0
ERS659577,K51PH129C1,0
ERS659577,K52PH129C1,0
ERS659577,K53PH164C2,0
ERS659577,K54lambda1,0
ERS659577,K54lambda2,0
ERS659577,K56PH164C1,0
ERS659577,K57lambda1,0
ERS659577,K58PH129C2,0
ERS659577,K60PH164C1,0
ERS659577,K61PH164C1,0
ERS659577,K62PH164C2,0
ERS659577,K63PH128,0
ERS659577,K65PH164,0
ERS659577,K66PH128C1,0
ERS659577,K69PH164C2,0
ERS659577,K71PH129C1,0
ERS659577,K72PH164C2,0
ERS659577,K74PH129C2,1
ERS659577,K82P1,0
ERS659578,K1PH164C1,0
ERS659578,K2PH164C1,0
ERS659578,K2PH164C2,0
ERS659578,K2alfa62,0
ERS659578,K6PH25C3,0
ERS659578,K7PH164C4,0
ERS659578,K8PH128,0
ERS659578,K9PH25C2,0
ERS659578,K10PH82C1,0
ERS659578,K11PH164C1,0
ERS659578,K12P1_1,0
ERS659578,K13PH07C1L,0
ERS659578,K13PH07C1S,0
ERS659578,K14PH164C1,0
ERS659578,K15PH90,0
ERS659578,K16PH164C3,0
ERS659578,K17alfa61,0
ERS659578,K17alfa62,0
ERS659578,K18PH07C1,0
ERS659578,K2064PH2,0
ERS659578,K2069PH1,0
ERS659578,K21lambda1,0
ERS659578,K23PH08C2,0
ERS659578,K25PH129C1,0
ERS659578,K27PH129C1,0
ERS659578,K28PH129,0
ERS659578,K29PH164C1,1
ERS659578,K30lambda2,0
ERS659578,K32PH164C1,0
ERS659578,K33PH14C2,0
ERS659578,K34PH164,0
ERS659578,K35PH164C3,0
ERS659578,K39PH122C2,0
ERS659578,K40PH129C1,0
ERS659578,K43PH164C1,0
ERS659578,K45PH128C2,0
ERS659578,K46PH129,0
ERS659578,K48PH164C1,0
ERS659578,K49PH164C2,0
ERS659578,K50PH164C1,0
ERS659578,K51PH129C1,0
ERS659578,K52PH129C1,0
ERS659578,K53PH164C2,0
ERS659578,K54lambda1,0
ERS659578,K54lambda2,0
ERS659578,K56PH164C1,0
ERS659578,K57lambda1,0
ERS659578,K58PH129C2,0
ERS659578,K60PH164C1,0
ERS659578,K61PH164C1,0
ERS659578,K62PH164C2,1
ERS659578,K63PH128,0
ERS659578,K65PH164,1
ERS659578,K66PH128C1,0
ERS659578,K69PH164C2,0
ERS659578,K71PH129C1,0
ERS659578,K72PH164C2,0
ERS659578,K74PH129C2,0
ERS659578,K82P1,0
ERS659579,K1PH164C1,0
ERS659579,K2PH164C1,0
ERS659579,K2PH164C2,0
ERS659579,K2alfa62,0
ERS659579,K6PH25C3,0
ERS659579,K7PH164C4,0
ERS659579,K8PH128,0
ERS659579,K9PH25C2,0
ERS659579,K10PH82C1,0
ERS659579,K11PH164C1,0
ERS659579,K12P1_1,0
ERS659579,K13PH07C1L,0
ERS659579,K13PH07C1S,0
ERS659579,K14PH164C1,0
ERS659579,K15PH90,0
ERS659579,K16PH164C3,0
ERS659579,K17alfa61,0
ERS659579,K17alfa62,0
ERS659579,K18PH07C1,0
ERS659579,K2064PH2,0
ERS659579,K2069PH1,0
ERS659579,K21lambda1,0
ERS659579,K23PH08C2,0
ERS659579,K25PH129C1,0
ERS659579,K27PH129C1,0
ERS659579,K28PH129,0
ERS659579,K29PH164C1,0
ERS659579,K30lambda2,1
ERS659579,K32PH164C1,0
ERS659579,K33PH14C2,0
ERS659579,K34PH164,0
ERS659579,K35PH164C3,0
ERS659579,K39PH122C2,0
ERS659579,K40PH129C1,0
ERS659579,K43PH164C1,0
ERS659579,K45PH128C2,0
ERS659579,K46PH129,0
ERS659579,K48PH164C1,0
ERS659579,K49PH164C2,0
ERS659579,K50PH164C1,0
ERS659579,K51PH129C1,0
ERS659579,K52PH129C1,0
ERS659579,K53PH164C2,0
ERS659579,K54lambda1,0
ERS659579,K54lambda2,0
ERS659579,K56PH164C1,0
ERS659579,K57lambda1,0
ERS659579,K58PH129C2,0
ERS659579,K60PH164C1,0
ERS659579,K61PH164C1,0
ERS659579,K62PH164C2,0
ERS659579,K63PH128,0
ERS659579,K65PH164,1
ERS659579,K66PH128C1,0
ERS659579,K69PH164C2,0
ERS659579,K71PH129C1,0
ERS659579,K72PH164C2,0
ERS659579,K74PH129C2,0
ERS659579,K82P1,0
ERS659580,K1PH164C1,0
ERS659580,K2PH164C1,0
ERS659580,K2PH164C2,0
ERS659580,K2alfa62,0
ERS659580,K6PH25C3,0
ERS659580,K7PH164C4,0
ERS659580,K8PH128,0
ERS659580,K9PH25C2,0
ERS659580,K10PH82C1,0
ERS659580,K11PH164C1,0
ERS659580,K12P1_1,0
ERS659580,K13PH07C1L,0
ERS659580,K13PH07C1S,0
ERS659580,K14PH164C1,0
ERS659580,K15PH90,0
ERS659580,K16PH164C3,0
ERS659580,K17alfa61,0
ERS659580,K17alfa62,0
ERS659580,K18PH07C1,0
ERS659580,K2064PH2,0
ERS659580,K2069PH1,0
ERS659580,K21lambda1,0
ERS659580,K23PH08C2,0
ERS659580,K25PH129C1,0
ERS659580,K27PH129C1,0
ERS659580,K28PH129,0
ERS659580,K29PH164C1,0
ERS659580,K30lambda2,0
ERS659580,K32PH164C1,0
ERS659580,K33PH14C2,0
ERS659580,K34PH164,0
ERS659580,K35PH164C3,0
ERS659580,K39PH122C2,0
ERS659580,K40PH129C1,0
ERS659580,K43PH164C1,0
ERS659580,K45PH128C2,0
ERS659580,K46PH129,0
ERS659580,K48PH164C1,0
ERS659580,K49PH164C2,0
ERS659580,K50PH164C1,0
ERS659580,K51PH129C1,0
ERS659580,K52PH129C1,0
ERS659580,K53PH164C2,0
ERS659580,K54lambda1,0
ERS659580,K54lambda2,0
ERS659580,K56PH164C1,0
ERS659580,K57lambda1,0
ERS659580,K58PH129C2,0
ERS659580,K60PH164C1,0
ERS659580,K61PH164C1,0
ERS659580,K62PH164C2,0
ERS659580,K63PH128,0
ERS659580,K65PH164,1
ERS659580,K66PH128C1,0
ERS659580,K69PH164C2,0
ERS659580,K71PH129C1,0
ERS659580,K72PH164C2,0
ERS659580,K74PH129C2,0
ERS659580,K82P1,0
ERS659581,K1PH164C1,0
ERS659581,K2PH164C1,0
ERS659581,K2PH164C2,0
ERS659581,K2alfa62,0
ERS659581,K6PH25C3,0
ERS659581,K7PH164C4,0
ERS659581,K8PH128,0
ERS659581,K9PH25C2,0
ERS659581,K10PH82C1,0
ERS659581,K11PH164C1,0
ERS659581,K12P1_1,0
ERS659581,K13PH07C1L,0
ERS659581,K13PH07C1S,0
ERS659581,K14PH164C1,0
ERS659581,K15PH90,0
ERS659581,K16PH164C3,0
ERS659581,K17alfa61,0
ERS659581,K17alfa62,0
ERS659581,K18PH07C1,0
ERS659581,K2064PH2,0
ERS659581,K2069PH1,0
ERS659581,K21lambda1,0
ERS659581,K23PH08C2,0
ERS659581,K25PH129C1,0
ERS659581,K27PH129C1,0
ERS659581,K28PH129,0
ERS659581,K29PH164C1,0
ERS659581,K30lambda2,0
ERS659581,K32PH164C1,0
ERS659581,K33PH14C2,0
ERS659581,K34PH164,0
ERS659581,K35PH164C3,0
ERS659581,K39PH122C2,0
ERS659581,K40PH129C1,0
ERS659581,K43PH164C1,0
ERS659581,K45PH128C2,0
ERS659581,K46PH129,0
ERS659581,K48PH164C1,0
ERS659581,K49PH164C2,0
ERS659581,K50PH164C1,0
ERS659581,K51PH129C1,0
ERS659581,K52PH129C1,0
ERS659581,K53PH164C2,0
ERS659581,K54lambda1,0
ERS659581,K54lambda2,0
ERS659581,K56PH164C1,0
ERS659581,K57lambda1,0
ERS659581,K58PH129C2,0
ERS659581,K60PH164C1,0
ERS659581,K61PH164C1,0
ERS659581,K62PH164C2,0
ERS659581,K63PH128,0
ERS659581,K65PH164,0
ERS659581,K66PH128C1,0
ERS659581,K69PH164C2,0
ERS659581,K71PH129C1,0
ERS659581,K72PH164C2,0
ERS659581,K74PH129C2,0
ERS659581,K82P1,1
Kpcas091,A1a,0
Kpcas091,A1b,0
Kpcas091,A1c,0
Kpcas091,A1d,0
Kpcas091,A1e,0
Kpcas091,A1f,0
Kpcas091,A1g,0
Kpcas091,A1h,0
Kpcas091,A1i,0
Kpcas091,A1j,0
Kpcas091,A1k,0
Kpcas091,A1l,0
Kpcas091,A1m,0
Kpcas091,A1n,0
Kpcas091,A1o,0
Kpcas091,A1p,0
Kpcas091,A1q,0
Kpcas091,A1r,0
Kpcas091,A2a_b,0
Kpcas091,A2a,0
Kpcas091,A2b,0
Kpcas091,A3a,0
Kpcas091,A3b,0
Kpcas091,A3c,0
Kpcas091,A3d,0
Kpcas091,D7a,0
Kpcas091,D7b,0
Kpcas091,D7c,0
Kpcas091,M5a,0
Kpcas091,M5b,0
Kpcas091,M12a,0
Kpcas091,P4a,0
Kpcas091,P4b,0
Kpcas091,S6a,0
Kpcas091,S8a,0
Kpcas091,S8b,0
Kpcas091,S8c,0
Kpcas091,S9a,0
Kpcas091,S10a,0
Kpcas091,S11a,0
Kpcas091,S13a,0
Kpcas091,S13b,0
Kpcas091,S13c,0
Kpcas091,S13d,0
Kpcas091,S13e,0
Kpcas091,S13f,0
Kpcas042,A1a,1
Kpcas042,A1b,0
Kpcas042,A1c,0
Kpcas042,A1d,0
Kpcas042,A1e,0
Kpcas042,A1f,0
Kpcas042,A1g,0
Kpcas042,A1h,0
Kpcas042,A1i,0
Kpcas042,A1j,0
Kpcas042,A1k,0
Kpcas042,A1l,0
Kpcas042,A1m,0
Kpcas042,A1n,0
Kpcas042,A1o,0
Kpcas042,A1p,0
Kpcas042,A1q,0
Kpcas042,A1r,0
Kpcas042,A2a_b,0
Kpcas042,A2a,0
Kpcas042,A2b,0
Kpcas042,A3a,0
Kpcas042,A3b,0
Kpcas042,A3c,0
Kpcas042,A3d,0
Kpcas042,D7a,0
Kpcas042,D7b,0
Kpcas042,D7c,0
Kpcas042,M5a,0
Kpcas042,M5b,0
Kpcas042,M12a,0
Kpcas042,P4a,0
Kpcas042,P4b,0
Kpcas042,S6a,1
Kpcas042,S8a,0
Kpcas042,S8b,1
Kpcas042,S8c,0
Kpcas042,S9a,0
Kpcas042,S10a,0
Kpcas042,S11a,0
Kpcas042,S13a,0
Kpcas042,S13b,0
Kpcas042,S13c,0
Kpcas042,S13d,0
Kpcas042,S13e,0
Kpcas042,S13f,0
Kpcas039,A1a,0
Kpcas039,A1b,0
Kpcas039,A1c,0
Kpcas039,A1d,0
Kpcas039,A1e,0
Kpcas039,A1f,0
Kpcas039,A1g,0
Kpcas039,A1h,0
Kpcas039,A1i,0
Kpcas039,A1j,0
Kpcas039,A1k,0
Kpcas039,A1l,0
Kpcas039,A1m,0
Kpcas039,A1n,0
Kpcas039,A1o,0
Kpcas039,A1p,0
Kpcas039,A1q,0
Kpcas039,A1r,0
Kpcas039,A2a_b,0
Kpcas039,A2a,0
Kpcas039,A2b,0
Kpcas039,A3a,0
Kpcas039,A3b,0
Kpcas039,A3c,0
Kpcas039,A3d,0
Kpcas039,D7a,0
Kpcas039,D7b,0
Kpcas039,D7c,0
Kpcas039,M5a,0
Kpcas039,M5b,0
Kpcas039,M12a,0
Kpcas039,P4a,0
Kpcas039,P4b,0
Kpcas039,S6a,0
Kpcas039,S8a,0
Kpcas039,S8b,0
Kpcas039,S8c,0
Kpcas039,S9a,0
Kpcas039,S10a,0
Kpcas039,S11a,0
Kpcas039,S13a,0
Kpcas039,S13b,0
Kpcas039,S13c,0
Kpcas039,S13d,0
Kpcas039,S13e,0
Kpcas039,S13f,0
CU276,A1a,0
CU276,A1b,0
CU276,A1c,0
CU276,A1d,0
CU276,A1e,0
CU276,A1f,0
CU276,A1g,0
CU276,A1h,0
CU276,A1i,0
CU276,A1j,0
CU276,A1k,0
CU276,A1l,0
CU276,A1m,0
CU276,A1n,0
CU276,A1o,0
CU276,A1p,0
CU276,A1q,0
CU276,A1r,0
CU276,A2a_b,0
CU276,A2a,0
CU276,A2b,0
CU276,A3a,0
CU276,A3b,0
CU276,A3c,0
CU276,A3d,0
CU276,D7a,0
CU276,D7b,0
CU276,D7c,0
CU276,M5a,0
CU276,M5b,0
CU276,M12a,0
CU276,P4a,0
CU276,P4b,0
CU276,S6a,0
CU276,S8a,0
CU276,S8b,0
CU276,S8c,0
CU276,S9a,0
CU276,S10a,0
CU276,S11a,0
CU276,S13a,0
CU276,S13b,0
CU276,S13c,0
CU276,S13d,0
CU276,S13e,0
CU276,S13f,0
CU293,A1a,0
CU293,A1b,0
CU293,A1c,0
CU293,A1d,0
CU293,A1e,0
CU293,A1f,0
CU293,A1g,0
CU293,A1h,0
CU293,A1i,0
CU293,A1j,0
CU293,A1k,0
CU293,A1l,0
CU293,A1m,0
CU293,A1n,0
CU293,A1o,0
CU293,A1p,0
CU293,A1q,0
CU293,A1r,0
CU293,A2a_b,0
CU293,A2a,0
CU293,A2b,0
CU293,A3a,0
CU293,A3b,0
CU293,A3c,0
CU293,A3d,0
CU293,D7a,0
CU293,D7b,0
CU293,D7c,0
CU293,M5a,0
CU293,M5b,0
CU293,M12a,0
CU293,P4a,0
CU293,P4b,0
CU293,S6a,0
CU293,S8a,0
CU293,S8b,1
CU293,S8c,1
CU293,S9a,1
CU293,S10a,0
CU293,S11a,0
CU293,S13a,0
CU293,S13b,0
CU293,S13c,0
CU293,S13d,0
CU293,S13e,0
CU293,S13f,0
CU402,A1a,0
CU402,A1b,0
CU402,A1c,0
CU402,A1d,0
CU402,A1e,0
CU402,A1f,0
CU402,A1g,0
CU402,A1h,0
CU402,A1i,0
CU402,A1j,0
CU402,A1k,0
CU402,A1l,0
CU402,A1m,0
CU402,A1n,0
CU402,A1o,0
CU402,A1p,0
CU402,A1q,0
CU402,A1r,0
CU402,A2a_b,0
CU402,A2a,0
CU402,A2b,0
CU402,A3a,0
CU402,A3b,0
CU402,A3c,0
CU402,A3d,0
CU402,D7a,0
CU402,D7b,0
CU402,D7c,0
CU402,M5a,0
CU402,M5b,0
CU402,M12a,0
CU402,P4a,0
CU402,P4b,0
CU402,S6a,0
CU402,S8a,0
CU402,S8b,0
CU402,S8c,0
CU402,S9a,0
CU402,S10a,0
CU402,S11a,0
CU402,S13a,0
CU402,S13b,0
CU402,S13c,0
CU402,S13d,0
CU402,S13e,0
CU402,S13f,0
CU406,A1a,0
CU406,A1b,0
CU406,A1c,0
CU406,A1d,0
CU406,A1e,0
CU406,A1f,0
CU406,A1g,0
CU406,A1h,0
CU406,A1i,0
CU406,A1j,0
CU406,A1k,0
CU406,A1l,0
CU406,A1m,0
CU406,A1n,0
CU406,A1o,0
CU406,A1p,0
CU406,A1q,0
CU406,A1r,0
CU406,A2a_b,0
CU406,A2a,0
CU406,A2b,0
CU406,A3a,0
CU406,A3b,0
CU406,A3c,0
CU406,A3d,0
CU406,D7a,0
CU406,D7b,0
CU406,D7c,0
CU406,M5a,0
CU406,M5b,0
CU406,M12a,0
CU406,P4a,0
CU406,P4b,0
CU406,S6a,0
CU406,S8a,0
CU406,S8b,0
CU406,S8c,0
CU406,S9a,0
CU406,S10a,0
CU406,S11a,0
CU406,S13a,0
CU406,S13b,0
CU406,S13c,0
CU406,S13d,0
CU406,S13e,0
CU406,S13f,0
CU443,A1a,0
CU443,A1b,0
CU443,A1c,0
CU443,A1d,0
CU443,A1e,0
CU443,A1f,0
CU443,A1g,0
CU443,A1h,0
CU443,A1i,0
CU443,A1j,0
CU443,A1k,0
CU443,A1l,0
CU443,A1m,0
CU443,A1n,0
CU443,A1o,0
CU443,A1p,0
CU443,A1q,0
CU443,A1r,0
CU443,A2a_b,0
CU443,A2a,0
CU443,A2b,0
CU443,A3a,0
CU443,A3b,0
CU443,A3c,0
CU443,A3d,0
CU443,D7a,0
CU443,D7b,0
CU443,D7c,0
CU443,M5a,0
CU443,M5b,0
CU443,M12a,0
CU443,P4a,0
CU443,P4b,0
CU443,S6a,0
CU443,S8a,0
CU443,S8b,0
CU443,S8c,0
CU443,S9a,1
CU443,S10a,0
CU443,S11a,0
CU443,S13a,1
CU443,S13b,0
CU443,S13c,1
CU443,S13d,0
CU443,S13e,0
CU443,S13f,0
CU448,A1a,0
CU448,A1b,0
CU448,A1c,0
CU448,A1d,0
CU448,A1e,0
CU448,A1f,0
CU448,A1g,0
CU448,A1h,0
CU448,A1i,0
CU448,A1j,0
CU448,A1k,0
CU448,A1l,0
CU448,A1m,0
CU448,A1n,0
CU448,A1o,0
CU448,A1p,0
CU448,A1q,0
CU448,A1r,0
CU448,A2a_b,0
CU448,A2a,0
CU448,A2b,0
CU448,A3a,0
CU448,A3b,0
CU448,A3c,0
CU448,A3d,0
CU448,D7a,0
CU448,D7b,0
CU448,D7c,0
CU448,M5a,0
CU448,M5b,0
CU448,M12a,0
CU448,P4a,0
CU448,P4b,0
CU448,S6a,0
CU448,S8a,0
CU448,S8b,0
CU448,S8c,0
CU448,S9a,1
CU448,S10a,0
CU448,S11a,0
CU448,S13a,1
CU448,S13b,0
CU448,S13c,1
CU448,S13d,0
CU448,S13e,0
CU448,S13f,0
CU451,A1a,0
CU451,A1b,0
CU451,A1c,0
CU451,A1d,0
CU451,A1e,0
CU451,A1f,0
CU451,A1g,0
CU451,A1h,0
CU451,A1i,0
CU451,A1j,0
CU451,A1k,0
CU451,A1l,0
CU451,A1m,0
CU451,A1n,0
CU451,A1o,0
CU451,A1p,0
CU451,A1q,0
CU451,A1r,0
CU451,A2a_b,0
CU451,A2a,0
CU451,A2b,0
CU451,A3a,0
CU451,A3b,0
CU451,A3c,0
CU451,A3d,0
CU451,D7a,0
CU451,D7b,0
CU451,D7c,0
CU451,M5a,0
CU451,M5b,0
CU451,M12a,0
CU451,P4a,0
CU451,P4b,0
CU451,S6a,0
CU451,S8a,0
CU451,S8b,0
CU451,S8c,0
CU451,S9a,1
CU451,S10a,0
CU451,S11a,0
CU451,S13a,1
CU451,S13b,0
CU451,S13c,1
CU451,S13d,0
CU451,S13e,0
CU451,S13f,0
CU494,A1a,0
CU494,A1b,0
CU494,A1c,0
CU494,A1d,0
CU494,A1e,0
CU494,A1f,0
CU494,A1g,0
CU494,A1h,0
CU494,A1i,0
CU494,A1j,0
CU494,A1k,0
CU494,A1l,0
CU494,A1m,0
CU494,A1n,0
CU494,A1o,0
CU494,A1p,0
CU494,A1q,0
CU494,A1r,0
CU494,A2a_b,0
CU494,A2a,0
CU494,A2b,0
CU494,A3a,0
CU494,A3b,0
CU494,A3c,0
CU494,A3d,0
CU494,D7a,0
CU494,D7b,0
CU494,D7c,0
CU494,M5a,0
CU494,M5b,0
CU494,M12a,0
CU494,P4a,0
CU494,P4b,0
CU494,S6a,0
CU494,S8a,0
CU494,S8b,0
CU494,S8c,0
CU494,S9a,0
CU494,S10a,0
CU494,S11a,0
CU494,S13a,0
CU494,S13b,0
CU494,S13c,0
CU494,S13d,0
CU494,S13e,0
CU494,S13f,0
CU503,A1a,0
CU503,A1b,0
CU503,A1c,0
CU503,A1d,0
CU503,A1e,0
CU503,A1f,0
CU503,A1g,0
CU503,A1h,0
CU503,A1i,0
CU503,A1j,0
CU503,A1k,0
CU503,A1l,0
CU503,A1m,0
CU503,A1n,0
CU503,A1o,0
CU503,A1p,0
CU503,A1q,0
CU503,A1r,0
CU503,A2a_b,0
CU503,A2a,0
CU503,A2b,0
CU503,A3a,0
CU503,A3b,0
CU503,A3c,0
CU503,A3d,0
CU503,D7a,0
CU503,D7b,0
CU503,D7c,0
CU503,M5a,0
CU503,M5b,0
CU503,M12a,0
CU503,P4a,0
CU503,P4b,0
CU503,S6a,0
CU503,S8a,0
CU503,S8b,0
CU503,S8c,0
CU503,S9a,0
CU503,S10a,0
CU503,S11a,0
CU503,S13a,0
CU503,S13b,0
CU503,S13c,0
CU503,S13d,0
CU503,S13e,0
CU503,S13f,0
132,A1a,0
132,A1b,0
132,A1c,0
132,A1d,0
132,A1e,0
132,A1f,0
132,A1g,0
132,A1h,0
132,A1i,0
132,A1j,0
132,A1k,0
132,A1l,0
132,A1m,0
132,A1n,0
132,A1o,0
132,A1p,0
132,A1q,0
132,A1r,0
132,A2a_b,0
132,A2a,0
132,A2b,0
132,A3a,0
132,A3b,0
132,A3c,0
132,A3d,0
132,D7a,0
132,D7b,0
132,D7c,0
132,M5a,0
132,M5b,0
132,M12a,0
132,P4a,0
132,P4b,0
132,S6a,0
132,S8a,0
132,S8b,1
132,S8c,1
132,S9a,1
132,S10a,0
132,S11a,0
132,S13a,0
132,S13b,0
132,S13c,0
132,S13d,0
132,S13e,0
132,S13f,0
779,A1a,0
779,A1b,0
779,A1c,0
779,A1d,0
779,A1e,0
779,A1f,0
779,A1g,0
779,A1h,0
779,A1i,0
779,A1j,0
779,A1k,0
779,A1l,0
779,A1m,0
779,A1n,0
779,A1o,0
779,A1p,0
779,A1q,0
779,A1r,0
779,A2a_b,0
779,A2a,0
779,A2b,0
779,A3a,0
779,A3b,0
779,A3c,0
779,A3d,0
779,D7a,0
779,D7b,0
779,D7c,0
779,M5a,0
779,M5b,0
779,M12a,0
779,P4a,0
779,P4b,0
779,S6a,0
779,S8a,0
779,S8b,0
779,S8c,0
779,S9a,0
779,S10a,0
779,S11a,0
779,S13a,1
779,S13b,0
779,S13c,1
779,S13d,0
779,S13e,0
779,S13f,0
806,A1a,0
806,A1b,0
806,A1c,0
806,A1d,0
806,A1e,0
806,A1f,0
806,A1g,0
806,A1h,0
806,A1i,0
806,A1j,0
806,A1k,0
806,A1l,0
806,A1m,0
806,A1n,0
806,A1o,0
806,A1p,0
806,A1q,0
806,A1r,0
806,A2a_b,0
806,A2a,0
806,A2b,0
806,A3a,0
806,A3b,0
806,A3c,0
806,A3d,0
806,D7a,0
806,D7b,0
806,D7c,0
806,M5a,0
806,M5b,0
806,M12a,0
806,P4a,0
806,P4b,0
806,S6a,0
806,S8a,0
806,S8b,0
806,S8c,0
806,S9a,0
806,S10a,0
806,S11a,0
806,S13a,0
806,S13b,0
806,S13c,0
806,S13d,0
806,S13e,0
806,S13f,0
228,A1a,0
228,A1b,0
228,A1c,0
228,A1d,0
228,A1e,0
228,A1f,0
228,A1g,0
228,A1h,0
228,A1i,0
228,A1j,0
228,A1k,0
228,A1l,0
228,A1m,0
228,A1n,0
228,A1o,0
228,A1p,0
228,A1q,0
228,A1r,0
228,A2a_b,0
228,A2a,0
228,A2b,0
228,A3a,0
228,A3b,0
228,A3c,0
228,A3d,0
228,D7a,0
228,D7b,0
228,D7c,0
228,M5a,0
228,M5b,0
228,M12a,0
228,P4a,0
228,P4b,0
228,S6a,0
228,S8a,0
228,S8b,0
228,S8c,1
228,S9a,0
228,S10a,0
228,S11a,0
228,S13a,0
228,S13b,0
228,S13c,0
228,S13d,0
228,S13e,0
228,S13f,0
245,A1a,0
245,A1b,0
245,A1c,0
245,A1d,0
245,A1e,0
245,A1f,0
245,A1g,0
245,A1h,0
245,A1i,0
245,A1j,0
245,A1k,0
245,A1l,0
245,A1m,0
245,A1n,0
245,A1o,0
245,A1p,0
245,A1q,0
245,A1r,0
245,A2a_b,0
245,A2a,0
245,A2b,0
245,A3a,0
245,A3b,0
245,A3c,0
245,A3d,0
245,D7a,0
245,D7b,0
245,D7c,0
245,M5a,0
245,M5b,0
245,M12a,0
245,P4a,0
245,P4b,0
245,S6a,0
245,S8a,0
245,S8b,0
245,S8c,0
245,S9a,0
245,S10a,0
245,S11a,0
245,S13a,0
245,S13b,0
245,S13c,0
245,S13d,0
245,S13e,0
245,S13f,0
406,A1a,0
406,A1b,0
406,A1c,0
406,A1d,0
406,A1e,0
406,A1f,0
406,A1g,0
406,A1h,0
406,A1i,0
406,A1j,0
406,A1k,0
406,A1l,0
406,A1m,0
406,A1n,0
406,A1o,0
406,A1p,0
406,A1q,0
406,A1r,0
406,A2a_b,0
406,A2a,0
406,A2b,0
406,A3a,0
406,A3b,0
406,A3c,0
406,A3d,0
406,D7a,0
406,D7b,0
406,D7c,0
406,M5a,0
406,M5b,0
406,M12a,0
406,P4a,0
406,P4b,0
406,S6a,0
406,S8a,0
406,S8b,0
406,S8c,0
406,S9a,0
406,S10a,0
406,S11a,0
406,S13a,0
406,S13b,0
406,S13c,0
406,S13d,0
406,S13e,0
406,S13f,0
1210,A1a,0
1210,A1b,0
1210,A1c,0
1210,A1d,0
1210,A1e,0
1210,A1f,0
1210,A1g,0
1210,A1h,0
1210,A1i,0
1210,A1j,0
1210,A1k,1
1210,A1l,1
1210,A1m,1
1210,A1n,1
1210,A1o,1
1210,A1p,1
1210,A1q,1
1210,A1r,1
1210,A2a_b,0
1210,A2a,0
1210,A2b,0
1210,A3a,0
1210,A3b,0
1210,A3c,0
1210,A3d,0
1210,D7a,0
1210,D7b,0
1210,D7c,0
1210,M5a,0
1210,M5b,1
1210,M12a,0
1210,P4a,0
1210,P4b,0
1210,S6a,0
1210,S8a,0
1210,S8b,0
1210,S8c,0
1210,S9a,0
1210,S10a,0
1210,S11a,0
1210,S13a,0
1210,S13b,0
1210,S13c,0
1210,S13d,0
1210,S13e,0
1210,S13f,0
1446,A1a,0
1446,A1b,0
1446,A1c,0
1446,A1d,0
1446,A1e,0
1446,A1f,0
1446,A1g,0
1446,A1h,0
1446,A1i,0
1446,A1j,0
1446,A1k,0
1446,A1l,0
1446,A1m,0
1446,A1n,0
1446,A1o,0
1446,A1p,0
1446,A1q,0
1446,A1r,0
1446,A2a_b,0
1446,A2a,0
1446,A2b,0
1446,A3a,0
1446,A3b,0
1446,A3c,0
1446,A3d,0
1446,D7a,0
1446,D7b,0
1446,D7c,0
1446,M5a,0
1446,M5b,0
1446,M12a,0
1446,P4a,0
1446,P4b,0
1446,S6a,0
1446,S8a,0
1446,S8b,0
1446,S8c,0
1446,S9a,1
1446,S10a,0
1446,S11a,0
1446,S13a,0
1446,S13b,0
1446,S13c,0
1446,S13d,0
1446,S13e,0
1446,S13f,0
1468,A1a,0
1468,A1b,0
1468,A1c,0
1468,A1d,0
1468,A1e,0
1468,A1f,0
1468,A1g,0
1468,A1h,0
1468,A1i,0
1468,A1j,0
1468,A1k,0
1468,A1l,0
1468,A1m,0
1468,A1n,0
1468,A1o,0
1468,A1p,0
1468,A1q,0
1468,A1r,0
1468,A2a_b,0
1468,A2a,0
1468,A2b,0
1468,A3a,0
1468,A3b,0
1468,A3c,0
1468,A3d,0
1468,D7a,0
1468,D7b,0
1468,D7c,0
1468,M5a,0
1468,M5b,0
1468,M12a,0
1468,P4a,0
1468,P4b,0
1468,S6a,0
1468,S8a,0
1468,S8b,0
1468,S8c,0
1468,S9a,0
1468,S10a,0
1468,S11a,0
1468,S13a,0
1468,S13b,0
1468,S13c,0
1468,S13d,0
1468,S13e,0
1468,S13f,0
1572,A1a,0
1572,A1b,0
1572,A1c,0
1572,A1d,0
1572,A1e,0
1572,A1f,0
1572,A1g,0
1572,A1h,0
1572,A1i,0
1572,A1j,0
1572,A1k,0
1572,A1l,0
1572,A1m,0
1572,A1n,0
1572,A1o,0
1572,A1p,0
1572,A1q,0
1572,A1r,0
1572,A2a_b,0
1572,A2a,0
1572,A2b,0
1572,A3a,0
1572,A3b,0
1572,A3c,0
1572,A3d,0
1572,D7a,0
1572,D7b,0
1572,D7c,0
1572,M5a,0
1572,M5b,0
1572,M12a,0
1572,P4a,0
1572,P4b,0
1572,S6a,0
1572,S8a,0
1572,S8b,0
1572,S8c,0
1572,S9a,0
1572,S10a,0
1572,S11a,0
1572,S13a,0
1572,S13b,0
1572,S13c,0
1572,S13d,0
1572,S13e,0
1572,S13f,0
2164,A1a,0
2164,A1b,0
2164,A1c,0
2164,A1d,0
2164,A1e,0
2164,A1f,0
2164,A1g,0
2164,A1h,0
2164,A1i,0
2164,A1j,0
2164,A1k,0
2164,A1l,0
2164,A1m,0
2164,A1n,0
2164,A1o,0
2164,A1p,0
2164,A1q,0
2164,A1r,0
2164,A2a_b,0
2164,A2a,0
2164,A2b,0
2164,A3a,0
2164,A3b,0
2164,A3c,0
2164,A3d,0
2164,D7a,0
2164,D7b,0
2164,D7c,0
2164,M5a,0
2164,M5b,0
2164,M12a,0
2164,P4a,0
2164,P4b,0
2164,S6a,0
2164,S8a,0
2164,S8b,0
2164,S8c,0
2164,S9a,0
2164,S10a,0
2164,S11a,0
2164,S13a,0
2164,S13b,0
2164,S13c,0
2164,S13d,0
2164,S13e,0
2164,S13f,0
HAV1_14,A1a,1
HAV1_14,A1b,0
HAV1_14,A1c,0
HAV1_14,A1d,0
HAV1_14,A1e,0
HAV1_14,A1f,0
HAV1_14,A1g,0
HAV1_14,A1h,0
HAV1_14,A1i,0
HAV1_14,A1j,0
HAV1_14,A1k,0
HAV1_14,A1l,0
HAV1_14,A1m,0
HAV1_14,A1n,0
HAV1_14,A1o,0
HAV1_14,A1p,0
HAV1_14,A1q,0
HAV1_14,A1r,0
HAV1_14,A2a_b,0
HAV1_14,A2a,0
HAV1_14,A2b,0
HAV1_14,A3a,0
HAV1_14,A3b,0
HAV1_14,A3c,0
HAV1_14,A3d,0
HAV1_14,D7a,0
HAV1_14,D7b,0
HAV1_14,D7c,0
HAV1_14,M5a,0
HAV1_14,M5b,0
HAV1_14,M12a,0
HAV1_14,P4a,0
HAV1_14,P4b,0
HAV1_14,S6a,1
HAV1_14,S8a,0
HAV1_14,S8b,1
HAV1_14,S8c,0
HAV1_14,S9a,0
HAV1_14,S10a,0
HAV1_14,S11a,0
HAV1_14,S13a,0
HAV1_14,S13b,0
HAV1_14,S13c,0
HAV1_14,S13d,0
HAV1_14,S13e,0
HAV1_14,S13f,0
HAV1_13,A1a,0
HAV1_13,A1b,0
HAV1_13,A1c,0
HAV1_13,A1d,0
HAV1_13,A1e,0
HAV1_13,A1f,0
HAV1_13,A1g,0
HAV1_13,A1h,0
HAV1_13,A1i,0
HAV1_13,A1j,0
HAV1_13,A1k,0
HAV1_13,A1l,0
HAV1_13,A1m,0
HAV1_13,A1n,0
HAV1_13,A1o,0
HAV1_13,A1p,0
HAV1_13,A1q,0
HAV1_13,A1r,0
HAV1_13,A2a_b,0
HAV1_13,A2a,0
HAV1_13,A2b,0
HAV1_13,A3a,0
HAV1_13,A3b,0
HAV1_13,A3c,0
HAV1_13,A3d,0
HAV1_13,D7a,0
HAV1_13,D7b,0
HAV1_13,D7c,0
HAV1_13,M5a,0
HAV1_13,M5b,0
HAV1_13,M12a,0
HAV1_13,P4a,0
HAV1_13,P4b,0
HAV1_13,S6a,0
HAV1_13,S8a,1
HAV1_13,S8b,0
HAV1_13,S8c,0
HAV1_13,S9a,0
HAV1_13,S10a,0
HAV1_13,S11a,0
HAV1_13,S13a,0
HAV1_13,S13b,0
HAV1_13,S13c,0
HAV1_13,S13d,0
HAV1_13,S13e,0
HAV1_13,S13f,0
HCV1_19,A1a,0
HCV1_19,A1b,0
HCV1_19,A1c,0
HCV1_19,A1d,0
HCV1_19,A1e,0
HCV1_19,A1f,0
HCV1_19,A1g,0
HCV1_19,A1h,0
HCV1_19,A1i,0
HCV1_19,A1j,0
HCV1_19,A1k,0
HCV1_19,A1l,0
HCV1_19,A1m,0
HCV1_19,A1n,0
HCV1_19,A1o,0
HCV1_19,A1p,0
HCV1_19,A1q,0
HCV1_19,A1r,0
HCV1_19,A2a_b,0
HCV1_19,A2a,0
HCV1_19,A2b,0
HCV1_19,A3a,0
HCV1_19,A3b,0
HCV1_19,A3c,0
HCV1_19,A3d,0
HCV1_19,D7a,0
HCV1_19,D7b,0
HCV1_19,D7c,0
HCV1_19,M5a,0
HCV1_19,M5b,0
HCV1_19,M12a,0
HCV1_19,P4a,0
HCV1_19,P4b,0
HCV1_19,S6a,0
HCV1_19,S8a,1
HCV1_19,S8b,0
HCV1_19,S8c,0
HCV1_19,S9a,0
HCV1_19,S10a,0
HCV1_19,S11a,0
HCV1_19,S13a,0
HCV1_19,S13b,0
HCV1_19,S13c,0
HCV1_19,S13d,0
HCV1_19,S13e,0
HCV1_19,S13f,0
HCV1_21,A1a,0
HCV1_21,A1b,0
HCV1_21,A1c,0
HCV1_21,A1d,0
HCV1_21,A1e,0
HCV1_21,A1f,0
HCV1_21,A1g,0
HCV1_21,A1h,0
HCV1_21,A1i,0
HCV1_21,A1j,0
HCV1_21,A1k,0
HCV1_21,A1l,0
HCV1_21,A1m,0
HCV1_21,A1n,0
HCV1_21,A1o,0
HCV1_21,A1p,0
HCV1_21,A1q,0
HCV1_21,A1r,0
HCV1_21,A2a_b,0
HCV1_21,A2a,0
HCV1_21,A2b,0
HCV1_21,A3a,0
HCV1_21,A3b,0
HCV1_21,A3c,0
HCV1_21,A3d,0
HCV1_21,D7a,0
HCV1_21,D7b,0
HCV1_21,D7c,0
HCV1_21,M5a,0
HCV1_21,M5b,0
HCV1_21,M12a,0
HCV1_21,P4a,0
HCV1_21,P4b,0
HCV1_21,S6a,0
HCV1_21,S8a,0
HCV1_21,S8b,0
HCV1_21,S8c,0
HCV1_21,S9a,0
HCV1_21,S10a,0
HCV1_21,S11a,0
HCV1_21,S13a,0
HCV1_21,S13b,0
HCV1_21,S13c,0
HCV1_21,S13d,0
HCV1_21,S13e,0
HCV1_21,S13f,0
HCV1_10,A1a,0
HCV1_10,A1b,0
HCV1_10,A1c,0
HCV1_10,A1d,0
HCV1_10,A1e,0
HCV1_10,A1f,0
HCV1_10,A1g,0
HCV1_10,A1h,0
HCV1_10,A1i,0
HCV1_10,A1j,0
HCV1_10,A1k,0
HCV1_10,A1l,0
HCV1_10,A1m,0
HCV1_10,A1n,0
HCV1_10,A1o,0
HCV1_10,A1p,0
HCV1_10,A1q,0
HCV1_10,A1r,0
HCV1_10,A2a_b,0
HCV1_10,A2a,0
HCV1_10,A2b,0
HCV1_10,A3a,0
HCV1_10,A3b,0
HCV1_10,A3c,0
HCV1_10,A3d,0
HCV1_10,D7a,0
HCV1_10,D7b,0
HCV1_10,D7c,0
HCV1_10,M5a,0
HCV1_10,M5b,0
HCV1_10,M12a,0
HCV1_10,P4a,0
HCV1_10,P4b,0
HCV1_10,S6a,0
HCV1_10,S8a,0
HCV1_10,S8b,0
HCV1_10,S8c,0
HCV1_10,S9a,1
HCV1_10,S10a,0
HCV1_10,S11a,0
HCV1_10,S13a,1
HCV1_10,S13b,0
HCV1_10,S13c,1
HCV1_10,S13d,0
HCV1_10,S13e,0
HCV1_10,S13f,0
HCV1_42,A1a,0
HCV1_42,A1b,0
HCV1_42,A1c,0
HCV1_42,A1d,0
HCV1_42,A1e,0
HCV1_42,A1f,0
HCV1_42,A1g,0
HCV1_42,A1h,0
HCV1_42,A1i,0
HCV1_42,A1j,0
HCV1_42,A1k,0
HCV1_42,A1l,0
HCV1_42,A1m,0
HCV1_42,A1n,0
HCV1_42,A1o,0
HCV1_42,A1p,0
HCV1_42,A1q,0
HCV1_42,A1r,0
HCV1_42,A2a_b,0
HCV1_42,A2a,0
HCV1_42,A2b,0
HCV1_42,A3a,0
HCV1_42,A3b,0
HCV1_42,A3c,0
HCV1_42,A3d,0
HCV1_42,D7a,0
HCV1_42,D7b,0
HCV1_42,D7c,0
HCV1_42,M5a,0
HCV1_42,M5b,0
HCV1_42,M12a,0
HCV1_42,P4a,0
HCV1_42,P4b,0
HCV1_42,S6a,0
HCV1_42,S8a,0
HCV1_42,S8b,0
HCV1_42,S8c,0
HCV1_42,S9a,0
HCV1_42,S10a,0
HCV1_42,S11a,0
HCV1_42,S13a,0
HCV1_42,S13b,0
HCV1_42,S13c,0
HCV1_42,S13d,0
HCV1_42,S13e,0
HCV1_42,S13f,1
HCV1_24,A1a,0
HCV1_24,A1b,0
HCV1_24,A1c,0
HCV1_24,A1d,0
HCV1_24,A1e,0
HCV1_24,A1f,0
HCV1_24,A1g,0
HCV1_24,A1h,0
HCV1_24,A1i,0
HCV1_24,A1j,0
HCV1_24,A1k,0
HCV1_24,A1l,0
HCV1_24,A1m,0
HCV1_24,A1n,0
HCV1_24,A1o,0
HCV1_24,A1p,0
HCV1_24,A1q,0
HCV1_24,A1r,0
HCV1_24,A2a_b,0
HCV1_24,A2a,0
HCV1_24,A2b,0
HCV1_24,A3a,0
HCV1_24,A3b,0
HCV1_24,A3c,0
HCV1_24,A3d,0
HCV1_24,D7a,0
HCV1_24,D7b,0
HCV1_24,D7c,0
HCV1_24,M5a,0
HCV1_24,M5b,0
HCV1_24,M12a,0
HCV1_24,P4a,0
HCV1_24,P4b,0
HCV1_24,S6a,0
HCV1_24,S8a,0
HCV1_24,S8b,1
HCV1_24,S8c,1
HCV1_24,S9a,0
HCV1_24,S10a,0
HCV1_24,S11a,0
HCV1_24,S13a,0
HCV1_24,S13b,1
HCV1_24,S13c,0
HCV1_24,S13d,0
HCV1_24,S13e,0
HCV1_24,S13f,0
HCV1_26,A1a,0
HCV1_26,A1b,0
HCV1_26,A1c,0
HCV1_26,A1d,0
HCV1_26,A1e,0
HCV1_26,A1f,0
HCV1_26,A1g,0
HCV1_26,A1h,0
HCV1_26,A1i,0
HCV1_26,A1j,0
HCV1_26,A1k,0
HCV1_26,A1l,0
HCV1_26,A1m,0
HCV1_26,A1n,0
HCV1_26,A1o,0
HCV1_26,A1p,0
HCV1_26,A1q,0
HCV1_26,A1r,0
HCV1_26,A2a_b,0
HCV1_26,A2a,0
HCV1_26,A2b,0
HCV1_26,A3a,0
HCV1_26,A3b,0
HCV1_26,A3c,0
HCV1_26,A3d,0
HCV1_26,D7a,0
HCV1_26,D7b,0
HCV1_26,D7c,0
HCV1_26,M5a,0
HCV1_26,M5b,0
HCV1_26,M12a,0
HCV1_26,P4a,0
HCV1_26,P4b,0
HCV1_26,S6a,0
HCV1_26,S8a,0
HCV1_26,S8b,0
HCV1_26,S8c,0
HCV1_26,S9a,0
HCV1_26,S10a,1
HCV1_26,S11a,1
HCV1_26,S13a,0
HCV1_26,S13b,0
HCV1_26,S13c,0
HCV1_26,S13d,0
HCV1_26,S13e,0
HCV1_26,S13f,0
HCV1_27,A1a,0
HCV1_27,A1b,0
HCV1_27,A1c,0
HCV1_27,A1d,0
HCV1_27,A1e,0
HCV1_27,A1f,0
HCV1_27,A1g,0
HCV1_27,A1h,0
HCV1_27,A1i,0
HCV1_27,A1j,0
HCV1_27,A1k,0
HCV1_27,A1l,0
HCV1_27,A1m,0
HCV1_27,A1n,0
HCV1_27,A1o,0
HCV1_27,A1p,0
HCV1_27,A1q,0
HCV1_27,A1r,0
HCV1_27,A2a_b,0
HCV1_27,A2a,0
HCV1_27,A2b,0
HCV1_27,A3a,0
HCV1_27,A3b,0
HCV1_27,A3c,0
HCV1_27,A3d,0
HCV1_27,D7a,0
HCV1_27,D7b,0
HCV1_27,D7c,0
HCV1_27,M5a,0
HCV1_27,M5b,0
HCV1_27,M12a,0
HCV1_27,P4a,0
HCV1_27,P4b,0
HCV1_27,S6a,0
HCV1_27,S8a,0
HCV1_27,S8b,0
HCV1_27,S8c,0
HCV1_27,S9a,0
HCV1_27,S10a,0
HCV1_27,S11a,0
HCV1_27,S13a,0
HCV1_27,S13b,0
HCV1_27,S13c,0
HCV1_27,S13d,1
HCV1_27,S13e,0
HCV1_27,S13f,0
HCV1_35,A1a,0
HCV1_35,A1b,0
HCV1_35,A1c,0
HCV1_35,A1d,0
HCV1_35,A1e,0
HCV1_35,A1f,0
HCV1_35,A1g,0
HCV1_35,A1h,0
HCV1_35,A1i,0
HCV1_35,A1j,0
HCV1_35,A1k,0
HCV1_35,A1l,0
HCV1_35,A1m,0
HCV1_35,A1n,0
HCV1_35,A1o,0
HCV1_35,A1p,0
HCV1_35,A1q,0
HCV1_35,A1r,0
HCV1_35,A2a_b,0
HCV1_35,A2a,0
HCV1_35,A2b,0
HCV1_35,A3a,0
HCV1_35,A3b,0
HCV1_35,A3c,0
HCV1_35,A3d,0
HCV1_35,D7a,0
HCV1_35,D7b,0
HCV1_35,D7c,0
HCV1_35,M5a,0
HCV1_35,M5b,0
HCV1_35,M12a,0
HCV1_35,P4a,0
HCV1_35,P4b,0
HCV1_35,S6a,0
HCV1_35,S8a,0
HCV1_35,S8b,0
HCV1_35,S8c,0
HCV1_35,S9a,0
HCV1_35,S10a,0
HCV1_35,S11a,0
HCV1_35,S13a,0
HCV1_35,S13b,0
HCV1_35,S13c,0
HCV1_35,S13d,0
HCV1_35,S13e,0
HCV1_35,S13f,0
HCV1_36,A1a,0
HCV1_36,A1b,0
HCV1_36,A1c,0
HCV1_36,A1d,0
HCV1_36,A1e,0
HCV1_36,A1f,0
HCV1_36,A1g,0
HCV1_36,A1h,1
HCV1_36,A1i,0
HCV1_36,A1j,0
HCV1_36,A1k,0
HCV1_36,A1l,0
HCV1_36,A1m,0
HCV1_36,A1n,0
HCV1_36,A1o,0
HCV1_36,A1p,0
HCV1_36,A1q,0
HCV1_36,A1r,0
HCV1_36,A2a_b,0
HCV1_36,A2a,0
HCV1_36,A2b,0
HCV1_36,A3a,0
HCV1_36,A3b,0
HCV1_36,A3c,0
HCV1_36,A3d,0
HCV1_36,D7a,0
HCV1_36,D7b,0
HCV1_36,D7c,0
HCV1_36,M5a,0
HCV1_36,M5b,0
HCV1_36,M12a,0
HCV1_36,P4a,0
HCV1_36,P4b,0
HCV1_36,S6a,0
HCV1_36,S8a,0
HCV1_36,S8b,0
HCV1_36,S8c,0
HCV1_36,S9a,0
HCV1_36,S10a,0
HCV1_36,S11a,0
HCV1_36,S13a,0
HCV1_36,S13b,0
HCV1_36,S13c,0
HCV1_36,S13d,0
HCV1_36,S13e,0
HCV1_36,S13f,0
HCV1_33,A1a,0
HCV1_33,A1b,0
HCV1_33,A1c,0
HCV1_33,A1d,1
HCV1_33,A1e,0
HCV1_33,A1f,0
HCV1_33,A1g,0
HCV1_33,A1h,0
HCV1_33,A1i,0
HCV1_33,A1j,0
HCV1_33,A1k,0
HCV1_33,A1l,0
HCV1_33,A1m,0
HCV1_33,A1n,0
HCV1_33,A1o,0
HCV1_33,A1p,0
HCV1_33,A1q,0
HCV1_33,A1r,0
HCV1_33,A2a_b,0
HCV1_33,A2a,0
HCV1_33,A2b,0
HCV1_33,A3a,0
HCV1_33,A3b,0
HCV1_33,A3c,0
HCV1_33,A3d,0
HCV1_33,D7a,0
HCV1_33,D7b,0
HCV1_33,D7c,0
HCV1_33,M5a,0
HCV1_33,M5b,0
HCV1_33,M12a,0
HCV1_33,P4a,0
HCV1_33,P4b,0
HCV1_33,S6a,0
HCV1_33,S8a,0
HCV1_33,S8b,0
HCV1_33,S8c,0
HCV1_33,S9a,0
HCV1_33,S10a,0
HCV1_33,S11a,0
HCV1_33,S13a,0
HCV1_33,S13b,0
HCV1_33,S13c,0
HCV1_33,S13d,0
HCV1_33,S13e,0
HCV1_33,S13f,0
KP_HGE01_045,A1a,0
KP_HGE01_045,A1b,0
KP_HGE01_045,A1c,0
KP_HGE01_045,A1d,0
KP_HGE01_045,A1e,0
KP_HGE01_045,A1f,0
KP_HGE01_045,A1g,0
KP_HGE01_045,A1h,0
KP_HGE01_045,A1i,0
KP_HGE01_045,A1j,0
KP_HGE01_045,A1k,0
KP_HGE01_045,A1l,0
KP_HGE01_045,A1m,0
KP_HGE01_045,A1n,0
KP_HGE01_045,A1o,0
KP_HGE01_045,A1p,0
KP_HGE01_045,A1q,0
KP_HGE01_045,A1r,0
KP_HGE01_045,A2a_b,0
KP_HGE01_045,A2a,0
KP_HGE01_045,A2b,0
KP_HGE01_045,A3a,0
KP_HGE01_045,A3b,0
KP_HGE01_045,A3c,0
KP_HGE01_045,A3d,0
KP_HGE01_045,D7a,0
KP_HGE01_045,D7b,0
KP_HGE01_045,D7c,0
KP_HGE01_045,M5a,0
KP_HGE01_045,M5b,0
KP_HGE01_045,M12a,0
KP_HGE01_045,P4a,0
KP_HGE01_045,P4b,0
KP_HGE01_045,S6a,0
KP_HGE01_045,S8a,0
KP_HGE01_045,S8b,0
KP_HGE01_045,S8c,0
KP_HGE01_045,S9a,0
KP_HGE01_045,S10a,0
KP_HGE01_045,S11a,0
KP_HGE01_045,S13a,0
KP_HGE01_045,S13b,0
KP_HGE01_045,S13c,0
KP_HGE01_045,S13d,0
KP_HGE01_045,S13e,0
KP_HGE01_045,S13f,0
KP_HGE01_024,A1a,0
KP_HGE01_024,A1b,0
KP_HGE01_024,A1c,0
KP_HGE01_024,A1d,0
KP_HGE01_024,A1e,0
KP_HGE01_024,A1f,0
KP_HGE01_024,A1g,0
KP_HGE01_024,A1h,0
KP_HGE01_024,A1i,0
KP_HGE01_024,A1j,0
KP_HGE01_024,A1k,0
KP_HGE01_024,A1l,0
KP_HGE01_024,A1m,0
KP_HGE01_024,A1n,0
KP_HGE01_024,A1o,0
KP_HGE01_024,A1p,0
KP_HGE01_024,A1q,0
KP_HGE01_024,A1r,0
KP_HGE01_024,A2a_b,0
KP_HGE01_024,A2a,0
KP_HGE01_024,A2b,0
KP_HGE01_024,A3a,0
KP_HGE01_024,A3b,0
KP_HGE01_024,A3c,0
KP_HGE01_024,A3d,0
KP_HGE01_024,D7a,0
KP_HGE01_024,D7b,0
KP_HGE01_024,D7c,0
KP_HGE01_024,M5a,0
KP_HGE01_024,M5b,0
KP_HGE01_024,M12a,0
KP_HGE01_024,P4a,0
KP_HGE01_024,P4b,0
KP_HGE01_024,S6a,0
KP_HGE01_024,S8a,0
KP_HGE01_024,S8b,0
KP_HGE01_024,S8c,1
KP_HGE01_024,S9a,0
KP_HGE01_024,S10a,0
KP_HGE01_024,S11a,0
KP_HGE01_024,S13a,0
KP_HGE01_024,S13b,0
KP_HGE01_024,S13c,0
KP_HGE01_024,S13d,0
KP_HGE01_024,S13e,0
KP_HGE01_024,S13f,0
KP_HGE01_025,A1a,0
KP_HGE01_025,A1b,0
KP_HGE01_025,A1c,0
KP_HGE01_025,A1d,0
KP_HGE01_025,A1e,0
KP_HGE01_025,A1f,0
KP_HGE01_025,A1g,1
KP_HGE01_025,A1h,0
KP_HGE01_025,A1i,0
KP_HGE01_025,A1j,0
KP_HGE01_025,A1k,0
KP_HGE01_025,A1l,0
KP_HGE01_025,A1m,0
KP_HGE01_025,A1n,0
KP_HGE01_025,A1o,0
KP_HGE01_025,A1p,0
KP_HGE01_025,A1q,0
KP_HGE01_025,A1r,0
KP_HGE01_025,A2a_b,0
KP_HGE01_025,A2a,0
KP_HGE01_025,A2b,0
KP_HGE01_025,A3a,0
KP_HGE01_025,A3b,0
KP_HGE01_025,A3c,0
KP_HGE01_025,A3d,0
KP_HGE01_025,D7a,0
KP_HGE01_025,D7b,0
KP_HGE01_025,D7c,0
KP_HGE01_025,M5a,0
KP_HGE01_025,M5b,0
KP_HGE01_025,M12a,0
KP_HGE01_025,P4a,0
KP_HGE01_025,P4b,0
KP_HGE01_025,S6a,0
KP_HGE01_025,S8a,0
KP_HGE01_025,S8b,0
KP_HGE01_025,S8c,0
KP_HGE01_025,S9a,0
KP_HGE01_025,S10a,0
KP_HGE01_025,S11a,0
KP_HGE01_025,S13a,0
KP_HGE01_025,S13b,0
KP_HGE01_025,S13c,0
KP_HGE01_025,S13d,0
KP_HGE01_025,S13e,0
KP_HGE01_025,S13f,0
KP_HGE01_042,A1a,0
KP_HGE01_042,A1b,0
KP_HGE01_042,A1c,0
KP_HGE01_042,A1d,0
KP_HGE01_042,A1e,0
KP_HGE01_042,A1f,0
KP_HGE01_042,A1g,0
KP_HGE01_042,A1h,0
KP_HGE01_042,A1i,0
KP_HGE01_042,A1j,0
KP_HGE01_042,A1k,0
KP_HGE01_042,A1l,0
KP_HGE01_042,A1m,0
KP_HGE01_042,A1n,0
KP_HGE01_042,A1o,0
KP_HGE01_042,A1p,0
KP_HGE01_042,A1q,0
KP_HGE01_042,A1r,0
KP_HGE01_042,A2a_b,0
KP_HGE01_042,A2a,0
KP_HGE01_042,A2b,0
KP_HGE01_042,A3a,0
KP_HGE01_042,A3b,0
KP_HGE01_042,A3c,0
KP_HGE01_042,A3d,0
KP_HGE01_042,D7a,0
KP_HGE01_042,D7b,0
KP_HGE01_042,D7c,0
KP_HGE01_042,M5a,0
KP_HGE01_042,M5b,0
KP_HGE01_042,M12a,0
KP_HGE01_042,P4a,0
KP_HGE01_042,P4b,0
KP_HGE01_042,S6a,0
KP_HGE01_042,S8a,0
KP_HGE01_042,S8b,0
KP_HGE01_042,S8c,1
KP_HGE01_042,S9a,0
KP_HGE01_042,S10a,0
KP_HGE01_042,S11a,0
KP_HGE01_042,S13a,0
KP_HGE01_042,S13b,0
KP_HGE01_042,S13c,0
KP_HGE01_042,S13d,0
KP_HGE01_042,S13e,0
KP_HGE01_042,S13f,0
KP_HGE01_017,A1a,0
KP_HGE01_017,A1b,0
KP_HGE01_017,A1c,0
KP_HGE01_017,A1d,0
KP_HGE01_017,A1e,0
KP_HGE01_017,A1f,0
KP_HGE01_017,A1g,0
KP_HGE01_017,A1h,0
KP_HGE01_017,A1i,0
KP_HGE01_017,A1j,0
KP_HGE01_017,A1k,0
KP_HGE01_017,A1l,0
KP_HGE01_017,A1m,0
KP_HGE01_017,A1n,0
KP_HGE01_017,A1o,0
KP_HGE01_017,A1p,0
KP_HGE01_017,A1q,0
KP_HGE01_017,A1r,0
KP_HGE01_017,A2a_b,0
KP_HGE01_017,A2a,0
KP_HGE01_017,A2b,0
KP_HGE01_017,A3a,0
KP_HGE01_017,A3b,0
KP_HGE01_017,A3c,0
KP_HGE01_017,A3d,0
KP_HGE01_017,D7a,0
KP_HGE01_017,D7b,0
KP_HGE01_017,D7c,0
KP_HGE01_017,M5a,0
KP_HGE01_017,M5b,0
KP_HGE01_017,M12a,0
KP_HGE01_017,P4a,0
KP_HGE01_017,P4b,0
KP_HGE01_017,S6a,0
KP_HGE01_017,S8a,0
KP_HGE01_017,S8b,0
KP_HGE01_017,S8c,0
KP_HGE01_017,S9a,0
KP_HGE01_017,S10a,0
KP_HGE01_017,S11a,0
KP_HGE01_017,S13a,0
KP_HGE01_017,S13b,0
KP_HGE01_017,S13c,0
KP_HGE01_017,S13d,0
KP_HGE01_017,S13e,0
KP_HGE01_017,S13f,0
KP_HGE01_039,A1a,0
KP_HGE01_039,A1b,0
KP_HGE01_039,A1c,0
KP_HGE01_039,A1d,0
KP_HGE01_039,A1e,0
KP_HGE01_039,A1f,0
KP_HGE01_039,A1g,0
KP_HGE01_039,A1h,0
KP_HGE01_039,A1i,0
KP_HGE01_039,A1j,0
KP_HGE01_039,A1k,0
KP_HGE01_039,A1l,0
KP_HGE01_039,A1m,0
KP_HGE01_039,A1n,0
KP_HGE01_039,A1o,0
KP_HGE01_039,A1p,0
KP_HGE01_039,A1q,0
KP_HGE01_039,A1r,0
KP_HGE01_039,A2a_b,0
KP_HGE01_039,A2a,0
KP_HGE01_039,A2b,0
KP_HGE01_039,A3a,0
KP_HGE01_039,A3b,0
KP_HGE01_039,A3c,0
KP_HGE01_039,A3d,0
KP_HGE01_039,D7a,0
KP_HGE01_039,D7b,0
KP_HGE01_039,D7c,0
KP_HGE01_039,M5a,0
KP_HGE01_039,M5b,0
KP_HGE01_039,M12a,0
KP_HGE01_039,P4a,0
KP_HGE01_039,P4b,0
KP_HGE01_039,S6a,0
KP_HGE01_039,S8a,0
KP_HGE01_039,S8b,0
KP_HGE01_039,S8c,0
KP_HGE01_039,S9a,0
KP_HGE01_039,S10a,0
KP_HGE01_039,S11a,0
KP_HGE01_039,S13a,0
KP_HGE01_039,S13b,0
KP_HGE01_039,S13c,0
KP_HGE01_039,S13d,0
KP_HGE01_039,S13e,0
KP_HGE01_039,S13f,0
KP_HGE01_044,A1a,0
KP_HGE01_044,A1b,0
KP_HGE01_044,A1c,0
KP_HGE01_044,A1d,0
KP_HGE01_044,A1e,0
KP_HGE01_044,A1f,0
KP_HGE01_044,A1g,0
KP_HGE01_044,A1h,0
KP_HGE01_044,A1i,0
KP_HGE01_044,A1j,0
KP_HGE01_044,A1k,0
KP_HGE01_044,A1l,0
KP_HGE01_044,A1m,0
KP_HGE01_044,A1n,0
KP_HGE01_044,A1o,0
KP_HGE01_044,A1p,0
KP_HGE01_044,A1q,0
KP_HGE01_044,A1r,0
KP_HGE01_044,A2a_b,0
KP_HGE01_044,A2a,0
KP_HGE01_044,A2b,0
KP_HGE01_044,A3a,0
KP_HGE01_044,A3b,0
KP_HGE01_044,A3c,0
KP_HGE01_044,A3d,0
KP_HGE01_044,D7a,0
KP_HGE01_044,D7b,0
KP_HGE01_044,D7c,0
KP_HGE01_044,M5a,0
KP_HGE01_044,M5b,0
KP_HGE01_044,M12a,0
KP_HGE01_044,P4a,0
KP_HGE01_044,P4b,0
KP_HGE01_044,S6a,0
KP_HGE01_044,S8a,0
KP_HGE01_044,S8b,0
KP_HGE01_044,S8c,0
KP_HGE01_044,S9a,0
KP_HGE01_044,S10a,0
KP_HGE01_044,S11a,0
KP_HGE01_044,S13a,0
KP_HGE01_044,S13b,0
KP_HGE01_044,S13c,0
KP_HGE01_044,S13d,0
KP_HGE01_044,S13e,0
KP_HGE01_044,S13f,0
KP_HGE01_040,A1a,0
KP_HGE01_040,A1b,0
KP_HGE01_040,A1c,0
KP_HGE01_040,A1d,0
KP_HGE01_040,A1e,0
KP_HGE01_040,A1f,0
KP_HGE01_040,A1g,0
KP_HGE01_040,A1h,0
KP_HGE01_040,A1i,0
KP_HGE01_040,A1j,0
KP_HGE01_040,A1k,0
KP_HGE01_040,A1l,0
KP_HGE01_040,A1m,0
KP_HGE01_040,A1n,0
KP_HGE01_040,A1o,0
KP_HGE01_040,A1p,0
KP_HGE01_040,A1q,0
KP_HGE01_040,A1r,0
KP_HGE01_040,A2a_b,0
KP_HGE01_040,A2a,0
KP_HGE01_040,A2b,0
KP_HGE01_040,A3a,0
KP_HGE01_040,A3b,0
KP_HGE01_040,A3c,0
KP_HGE01_040,A3d,0
KP_HGE01_040,D7a,0
KP_HGE01_040,D7b,0
KP_HGE01_040,D7c,0
KP_HGE01_040,M5a,0
KP_HGE01_040,M5b,0
KP_HGE01_040,M12a,0
KP_HGE01_040,P4a,0
KP_HGE01_040,P4b,0
KP_HGE01_040,S6a,0
KP_HGE01_040,S8a,0
KP_HGE01_040,S8b,0
KP_HGE01_040,S8c,0
KP_HGE01_040,S9a,0
KP_HGE01_040,S10a,0
KP_HGE01_040,S11a,0
KP_HGE01_040,S13a,0
KP_HGE01_040,S13b,0
KP_HGE01_040,S13c,0
KP_HGE01_040,S13d,0
KP_HGE01_040,S13e,0
KP_HGE01_040,S13f,0
KP_HGE01_029,A1a,0
KP_HGE01_029,A1b,0
KP_HGE01_029,A1c,0
KP_HGE01_029,A1d,0
KP_HGE01_029,A1e,0
KP_HGE01_029,A1f,0
KP_HGE01_029,A1g,0
KP_HGE01_029,A1h,0
KP_HGE01_029,A1i,0
KP_HGE01_029,A1j,0
KP_HGE01_029,A1k,0
KP_HGE01_029,A1l,0
KP_HGE01_029,A1m,0
KP_HGE01_029,A1n,0
KP_HGE01_029,A1o,0
KP_HGE01_029,A1p,0
KP_HGE01_029,A1q,0
KP_HGE01_029,A1r,0
KP_HGE01_029,A2a_b,0
KP_HGE01_029,A2a,0
KP_HGE01_029,A2b,0
KP_HGE01_029,A3a,0
KP_HGE01_029,A3b,0
KP_HGE01_029,A3c,0
KP_HGE01_029,A3d,0
KP_HGE01_029,D7a,0
KP_HGE01_029,D7b,1
KP_HGE01_029,D7c,0
KP_HGE01_029,M5a,0
KP_HGE01_029,M5b,0
KP_HGE01_029,M12a,0
KP_HGE01_029,P4a,1
KP_HGE01_029,P4b,1
KP_HGE01_029,S6a,0
KP_HGE01_029,S8a,0
KP_HGE01_029,S8b,0
KP_HGE01_029,S8c,0
KP_HGE01_029,S9a,0
KP_HGE01_029,S10a,0
KP_HGE01_029,S11a,0
KP_HGE01_029,S13a,0
KP_HGE01_029,S13b,0
KP_HGE01_029,S13c,0
KP_HGE01_029,S13d,0
KP_HGE01_029,S13e,0
KP_HGE01_029,S13f,0
KP_HGE01_014,A1a,0
KP_HGE01_014,A1b,0
KP_HGE01_014,A1c,0
KP_HGE01_014,A1d,0
KP_HGE01_014,A1e,0
KP_HGE01_014,A1f,0
KP_HGE01_014,A1g,0
KP_HGE01_014,A1h,0
KP_HGE01_014,A1i,0
KP_HGE01_014,A1j,0
KP_HGE01_014,A1k,0
KP_HGE01_014,A1l,0
KP_HGE01_014,A1m,0
KP_HGE01_014,A1n,0
KP_HGE01_014,A1o,0
KP_HGE01_014,A1p,0
KP_HGE01_014,A1q,0
KP_HGE01_014,A1r,0
KP_HGE01_014,A2a_b,0
KP_HGE01_014,A2a,0
KP_HGE01_014,A2b,0
KP_HGE01_014,A3a,0
KP_HGE01_014,A3b,0
KP_HGE01_014,A3c,0
KP_HGE01_014,A3d,0
KP_HGE01_014,D7a,0
KP_HGE01_014,D7b,0
KP_HGE01_014,D7c,0
KP_HGE01_014,M5a,0
KP_HGE01_014,M5b,0
KP_HGE01_014,M12a,0
KP_HGE01_014,P4a,0
KP_HGE01_014,P4b,0
KP_HGE01_014,S6a,0
KP_HGE01_014,S8a,0
KP_HGE01_014,S8b,0
KP_HGE01_014,S8c,0
KP_HGE01_014,S9a,0
KP_HGE01_014,S10a,0
KP_HGE01_014,S11a,0
KP_HGE01_014,S13a,0
KP_HGE01_014,S13b,0
KP_HGE01_014,S13c,0
KP_HGE01_014,S13d,0
KP_HGE01_014,S13e,0
KP_HGE01_014,S13f,0
KP_HGE01_003,A1a,0
KP_HGE01_003,A1b,0
KP_HGE01_003,A1c,0
KP_HGE01_003,A1d,0
KP_HGE01_003,A1e,0
KP_HGE01_003,A1f,0
KP_HGE01_003,A1g,0
KP_HGE01_003,A1h,0
KP_HGE01_003,A1i,0
KP_HGE01_003,A1j,0
KP_HGE01_003,A1k,0
KP_HGE01_003,A1l,0
KP_HGE01_003,A1m,0
KP_HGE01_003,A1n,0
KP_HGE01_003,A1o,0
KP_HGE01_003,A1p,0
KP_HGE01_003,A1q,0
KP_HGE01_003,A1r,0
KP_HGE01_003,A2a_b,0
KP_HGE01_003,A2a,0
KP_HGE01_003,A2b,0
KP_HGE01_003,A3a,0
KP_HGE01_003,A3b,0
KP_HGE01_003,A3c,0
KP_HGE01_003,A3d,0
KP_HGE01_003,D7a,0
KP_HGE01_003,D7b,0
KP_HGE01_003,D7c,0
KP_HGE01_003,M5a,0
KP_HGE01_003,M5b,0
KP_HGE01_003,M12a,0
KP_HGE01_003,P4a,0
KP_HGE01_003,P4b,0
KP_HGE01_003,S6a,0
KP_HGE01_003,S8a,0
KP_HGE01_003,S8b,1
KP_HGE01_003,S8c,1
KP_HGE01_003,S9a,0
KP_HGE01_003,S10a,0
KP_HGE01_003,S11a,0
KP_HGE01_003,S13a,0
KP_HGE01_003,S13b,0
KP_HGE01_003,S13c,0
KP_HGE01_003,S13d,0
KP_HGE01_003,S13e,0
KP_HGE01_003,S13f,0
KP_HGE01_004,A1a,0
KP_HGE01_004,A1b,0
KP_HGE01_004,A1c,0
KP_HGE01_004,A1d,0
KP_HGE01_004,A1e,0
KP_HGE01_004,A1f,0
KP_HGE01_004,A1g,0
KP_HGE01_004,A1h,0
KP_HGE01_004,A1i,0
KP_HGE01_004,A1j,0
KP_HGE01_004,A1k,0
KP_HGE01_004,A1l,0
KP_HGE01_004,A1m,0
KP_HGE01_004,A1n,0
KP_HGE01_004,A1o,0
KP_HGE01_004,A1p,0
KP_HGE01_004,A1q,0
KP_HGE01_004,A1r,0
KP_HGE01_004,A2a_b,0
KP_HGE01_004,A2a,0
KP_HGE01_004,A2b,0
KP_HGE01_004,A3a,0
KP_HGE01_004,A3b,0
KP_HGE01_004,A3c,0
KP_HGE01_004,A3d,0
KP_HGE01_004,D7a,0
KP_HGE01_004,D7b,1
KP_HGE01_004,D7c,0
KP_HGE01_004,M5a,0
KP_HGE01_004,M5b,0
KP_HGE01_004,M12a,0
KP_HGE01_004,P4a,1
KP_HGE01_004,P4b,1
KP_HGE01_004,S6a,0
KP_HGE01_004,S8a,0
KP_HGE01_004,S8b,0
KP_HGE01_004,S8c,0
KP_HGE01_004,S9a,0
KP_HGE01_004,S10a,0
KP_HGE01_004,S11a,0
KP_HGE01_004,S13a,0
KP_HGE01_004,S13b,0
KP_HGE01_004,S13c,0
KP_HGE01_004,S13d,0
KP_HGE01_004,S13e,0
KP_HGE01_004,S13f,0
KP_HGE01_005,A1a,0
KP_HGE01_005,A1b,0
KP_HGE01_005,A1c,0
KP_HGE01_005,A1d,0
KP_HGE01_005,A1e,0
KP_HGE01_005,A1f,0
KP_HGE01_005,A1g,0
KP_HGE01_005,A1h,0
KP_HGE01_005,A1i,0
KP_HGE01_005,A1j,0
KP_HGE01_005,A1k,0
KP_HGE01_005,A1l,0
KP_HGE01_005,A1m,0
KP_HGE01_005,A1n,0
KP_HGE01_005,A1o,0
KP_HGE01_005,A1p,0
KP_HGE01_005,A1q,0
KP_HGE01_005,A1r,0
KP_HGE01_005,A2a_b,0
KP_HGE01_005,A2a,0
KP_HGE01_005,A2b,0
KP_HGE01_005,A3a,0
KP_HGE01_005,A3b,0
KP_HGE01_005,A3c,0
KP_HGE01_005,A3d,0
KP_HGE01_005,D7a,0
KP_HGE01_005,D7b,1
KP_HGE01_005,D7c,0
KP_HGE01_005,M5a,0
KP_HGE01_005,M5b,0
KP_HGE01_005,M12a,0
KP_HGE01_005,P4a,0
KP_HGE01_005,P4b,0
KP_HGE01_005,S6a,0
KP_HGE01_005,S8a,0
KP_HGE01_005,S8b,0
KP_HGE01_005,S8c,0
KP_HGE01_005,S9a,0
KP_HGE01_005,S10a,0
KP_HGE01_005,S11a,0
KP_HGE01_005,S13a,0
KP_HGE01_005,S13b,0
KP_HGE01_005,S13c,0
KP_HGE01_005,S13d,0
KP_HGE01_005,S13e,0
KP_HGE01_005,S13f,0
HGUA4_08,A1a,0
HGUA4_08,A1b,0
HGUA4_08,A1c,0
HGUA4_08,A1d,0
HGUA4_08,A1e,0
HGUA4_08,A1f,0
HGUA4_08,A1g,0
HGUA4_08,A1h,0
HGUA4_08,A1i,0
HGUA4_08,A1j,0
HGUA4_08,A1k,0
HGUA4_08,A1l,0
HGUA4_08,A1m,0
HGUA4_08,A1n,0
HGUA4_08,A1o,0
HGUA4_08,A1p,0
HGUA4_08,A1q,0
HGUA4_08,A1r,0
HGUA4_08,A2a_b,0
HGUA4_08,A2a,0
HGUA4_08,A2b,0
HGUA4_08,A3a,0
HGUA4_08,A3b,0
HGUA4_08,A3c,0
HGUA4_08,A3d,0
HGUA4_08,D7a,0
HGUA4_08,D7b,0
HGUA4_08,D7c,0
HGUA4_08,M5a,0
HGUA4_08,M5b,0
HGUA4_08,M12a,0
HGUA4_08,P4a,0
HGUA4_08,P4b,0
HGUA4_08,S6a,0
HGUA4_08,S8a,0
HGUA4_08,S8b,0
HGUA4_08,S8c,0
HGUA4_08,S9a,0
HGUA4_08,S10a,0
HGUA4_08,S11a,1
HGUA4_08,S13a,0
HGUA4_08,S13b,0
HGUA4_08,S13c,0
HGUA4_08,S13d,0
HGUA4_08,S13e,0
HGUA4_08,S13f,0
KP_HGUA02_068,A1a,0
KP_HGUA02_068,A1b,0
KP_HGUA02_068,A1c,0
KP_HGUA02_068,A1d,0
KP_HGUA02_068,A1e,0
KP_HGUA02_068,A1f,0
KP_HGUA02_068,A1g,0
KP_HGUA02_068,A1h,0
KP_HGUA02_068,A1i,0
KP_HGUA02_068,A1j,0
KP_HGUA02_068,A1k,0
KP_HGUA02_068,A1l,0
KP_HGUA02_068,A1m,0
KP_HGUA02_068,A1n,0
KP_HGUA02_068,A1o,0
KP_HGUA02_068,A1p,0
KP_HGUA02_068,A1q,0
KP_HGUA02_068,A1r,0
KP_HGUA02_068,A2a_b,0
KP_HGUA02_068,A2a,0
KP_HGUA02_068,A2b,0
KP_HGUA02_068,A3a,0
KP_HGUA02_068,A3b,0
KP_HGUA02_068,A3c,0
KP_HGUA02_068,A3d,0
KP_HGUA02_068,D7a,0
KP_HGUA02_068,D7b,0
KP_HGUA02_068,D7c,0
KP_HGUA02_068,M5a,0
KP_HGUA02_068,M5b,0
KP_HGUA02_068,M12a,0
KP_HGUA02_068,P4a,0
KP_HGUA02_068,P4b,0
KP_HGUA02_068,S6a,0
KP_HGUA02_068,S8a,0
KP_HGUA02_068,S8b,0
KP_HGUA02_068,S8c,0
KP_HGUA02_068,S9a,0
KP_HGUA02_068,S10a,0
KP_HGUA02_068,S11a,0
KP_HGUA02_068,S13a,0
KP_HGUA02_068,S13b,0
KP_HGUA02_068,S13c,0
KP_HGUA02_068,S13d,0
KP_HGUA02_068,S13e,0
KP_HGUA02_068,S13f,0
HGUA4_09,A1a,0
HGUA4_09,A1b,0
HGUA4_09,A1c,0
HGUA4_09,A1d,0
HGUA4_09,A1e,0
HGUA4_09,A1f,0
HGUA4_09,A1g,0
HGUA4_09,A1h,0
HGUA4_09,A1i,0
HGUA4_09,A1j,0
HGUA4_09,A1k,0
HGUA4_09,A1l,0
HGUA4_09,A1m,0
HGUA4_09,A1n,0
HGUA4_09,A1o,0
HGUA4_09,A1p,0
HGUA4_09,A1q,0
HGUA4_09,A1r,0
HGUA4_09,A2a_b,0
HGUA4_09,A2a,0
HGUA4_09,A2b,0
HGUA4_09,A3a,0
HGUA4_09,A3b,0
HGUA4_09,A3c,0
HGUA4_09,A3d,0
HGUA4_09,D7a,0
HGUA4_09,D7b,0
HGUA4_09,D7c,0
HGUA4_09,M5a,0
HGUA4_09,M5b,0
HGUA4_09,M12a,0
HGUA4_09,P4a,0
HGUA4_09,P4b,0
HGUA4_09,S6a,0
HGUA4_09,S8a,0
HGUA4_09,S8b,0
HGUA4_09,S8c,0
HGUA4_09,S9a,0
HGUA4_09,S10a,0
HGUA4_09,S11a,0
HGUA4_09,S13a,0
HGUA4_09,S13b,0
HGUA4_09,S13c,0
HGUA4_09,S13d,0
HGUA4_09,S13e,0
HGUA4_09,S13f,0
HGUA4_51,A1a,0
HGUA4_51,A1b,0
HGUA4_51,A1c,0
HGUA4_51,A1d,0
HGUA4_51,A1e,0
HGUA4_51,A1f,0
HGUA4_51,A1g,0
HGUA4_51,A1h,0
HGUA4_51,A1i,0
HGUA4_51,A1j,0
HGUA4_51,A1k,0
HGUA4_51,A1l,0
HGUA4_51,A1m,0
HGUA4_51,A1n,0
HGUA4_51,A1o,0
HGUA4_51,A1p,0
HGUA4_51,A1q,0
HGUA4_51,A1r,0
HGUA4_51,A2a_b,0
HGUA4_51,A2a,0
HGUA4_51,A2b,0
HGUA4_51,A3a,0
HGUA4_51,A3b,0
HGUA4_51,A3c,0
HGUA4_51,A3d,0
HGUA4_51,D7a,0
HGUA4_51,D7b,0
HGUA4_51,D7c,0
HGUA4_51,M5a,0
HGUA4_51,M5b,0
HGUA4_51,M12a,0
HGUA4_51,P4a,0
HGUA4_51,P4b,0
HGUA4_51,S6a,0
HGUA4_51,S8a,0
HGUA4_51,S8b,0
HGUA4_51,S8c,0
HGUA4_51,S9a,0
HGUA4_51,S10a,1
HGUA4_51,S11a,1
HGUA4_51,S13a,0
HGUA4_51,S13b,0
HGUA4_51,S13c,0
HGUA4_51,S13d,0
HGUA4_51,S13e,0
HGUA4_51,S13f,0
KP_HGUA02_064,A1a,0
KP_HGUA02_064,A1b,0
KP_HGUA02_064,A1c,0
KP_HGUA02_064,A1d,0
KP_HGUA02_064,A1e,0
KP_HGUA02_064,A1f,0
KP_HGUA02_064,A1g,0
KP_HGUA02_064,A1h,0
KP_HGUA02_064,A1i,0
KP_HGUA02_064,A1j,0
KP_HGUA02_064,A1k,0
KP_HGUA02_064,A1l,0
KP_HGUA02_064,A1m,0
KP_HGUA02_064,A1n,0
KP_HGUA02_064,A1o,0
KP_HGUA02_064,A1p,0
KP_HGUA02_064,A1q,0
KP_HGUA02_064,A1r,0
KP_HGUA02_064,A2a_b,0
KP_HGUA02_064,A2a,0
KP_HGUA02_064,A2b,0
KP_HGUA02_064,A3a,0
KP_HGUA02_064,A3b,0
KP_HGUA02_064,A3c,0
KP_HGUA02_064,A3d,0
KP_HGUA02_064,D7a,0
KP_HGUA02_064,D7b,0
KP_HGUA02_064,D7c,0
KP_HGUA02_064,M5a,0
KP_HGUA02_064,M5b,0
KP_HGUA02_064,M12a,0
KP_HGUA02_064,P4a,0
KP_HGUA02_064,P4b,0
KP_HGUA02_064,S6a,0
KP_HGUA02_064,S8a,1
KP_HGUA02_064,S8b,0
KP_HGUA02_064,S8c,1
KP_HGUA02_064,S9a,0
KP_HGUA02_064,S10a,0
KP_HGUA02_064,S11a,0
KP_HGUA02_064,S13a,0
KP_HGUA02_064,S13b,0
KP_HGUA02_064,S13c,0
KP_HGUA02_064,S13d,0
KP_HGUA02_064,S13e,0
KP_HGUA02_064,S13f,0
KP_HGUA02_073,A1a,0
KP_HGUA02_073,A1b,0
KP_HGUA02_073,A1c,0
KP_HGUA02_073,A1d,0
KP_HGUA02_073,A1e,0
KP_HGUA02_073,A1f,0
KP_HGUA02_073,A1g,0
KP_HGUA02_073,A1h,0
KP_HGUA02_073,A1i,0
KP_HGUA02_073,A1j,0
KP_HGUA02_073,A1k,0
KP_HGUA02_073,A1l,0
KP_HGUA02_073,A1m,0
KP_HGUA02_073,A1n,0
KP_HGUA02_073,A1o,0
KP_HGUA02_073,A1p,0
KP_HGUA02_073,A1q,0
KP_HGUA02_073,A1r,0
KP_HGUA02_073,A2a_b,0
KP_HGUA02_073,A2a,0
KP_HGUA02_073,A2b,0
KP_HGUA02_073,A3a,0
KP_HGUA02_073,A3b,0
KP_HGUA02_073,A3c,0
KP_HGUA02_073,A3d,0
KP_HGUA02_073,D7a,0
KP_HGUA02_073,D7b,0
KP_HGUA02_073,D7c,0
KP_HGUA02_073,M5a,0
KP_HGUA02_073,M5b,0
KP_HGUA02_073,M12a,0
KP_HGUA02_073,P4a,0
KP_HGUA02_073,P4b,0
KP_HGUA02_073,S6a,0
KP_HGUA02_073,S8a,0
KP_HGUA02_073,S8b,0
KP_HGUA02_073,S8c,0
KP_HGUA02_073,S9a,0
KP_HGUA02_073,S10a,0
KP_HGUA02_073,S11a,0
KP_HGUA02_073,S13a,0
KP_HGUA02_073,S13b,0
KP_HGUA02_073,S13c,0
KP_HGUA02_073,S13d,0
KP_HGUA02_073,S13e,0
KP_HGUA02_073,S13f,0
KP_HGUA03_124,A1a,0
KP_HGUA03_124,A1b,0
KP_HGUA03_124,A1c,0
KP_HGUA03_124,A1d,0
KP_HGUA03_124,A1e,0
KP_HGUA03_124,A1f,0
KP_HGUA03_124,A1g,0
KP_HGUA03_124,A1h,0
KP_HGUA03_124,A1i,0
KP_HGUA03_124,A1j,0
KP_HGUA03_124,A1k,0
KP_HGUA03_124,A1l,0
KP_HGUA03_124,A1m,0
KP_HGUA03_124,A1n,0
KP_HGUA03_124,A1o,0
KP_HGUA03_124,A1p,0
KP_HGUA03_124,A1q,0
KP_HGUA03_124,A1r,0
KP_HGUA03_124,A2a_b,0
KP_HGUA03_124,A2a,0
KP_HGUA03_124,A2b,0
KP_HGUA03_124,A3a,0
KP_HGUA03_124,A3b,0
KP_HGUA03_124,A3c,0
KP_HGUA03_124,A3d,0
KP_HGUA03_124,D7a,0
KP_HGUA03_124,D7b,0
KP_HGUA03_124,D7c,0
KP_HGUA03_124,M5a,0
KP_HGUA03_124,M5b,0
KP_HGUA03_124,M12a,0
KP_HGUA03_124,P4a,0
KP_HGUA03_124,P4b,0
KP_HGUA03_124,S6a,0
KP_HGUA03_124,S8a,0
KP_HGUA03_124,S8b,0
KP_HGUA03_124,S8c,0
KP_HGUA03_124,S9a,0
KP_HGUA03_124,S10a,1
KP_HGUA03_124,S11a,1
KP_HGUA03_124,S13a,0
KP_HGUA03_124,S13b,0
KP_HGUA03_124,S13c,0
KP_HGUA03_124,S13d,0
KP_HGUA03_124,S13e,0
KP_HGUA03_124,S13f,0
KP_HGUA02_099,A1a,0
KP_HGUA02_099,A1b,0
KP_HGUA02_099,A1c,0
KP_HGUA02_099,A1d,0
KP_HGUA02_099,A1e,0
KP_HGUA02_099,A1f,0
KP_HGUA02_099,A1g,0
KP_HGUA02_099,A1h,0
KP_HGUA02_099,A1i,0
KP_HGUA02_099,A1j,0
KP_HGUA02_099,A1k,0
KP_HGUA02_099,A1l,0
KP_HGUA02_099,A1m,0
KP_HGUA02_099,A1n,0
KP_HGUA02_099,A1o,0
KP_HGUA02_099,A1p,0
KP_HGUA02_099,A1q,0
KP_HGUA02_099,A1r,0
KP_HGUA02_099,A2a_b,0
KP_HGUA02_099,A2a,0
KP_HGUA02_099,A2b,0
KP_HGUA02_099,A3a,0
KP_HGUA02_099,A3b,0
KP_HGUA02_099,A3c,0
KP_HGUA02_099,A3d,0
KP_HGUA02_099,D7a,0
KP_HGUA02_099,D7b,0
KP_HGUA02_099,D7c,0
KP_HGUA02_099,M5a,1
KP_HGUA02_099,M5b,0
KP_HGUA02_099,M12a,0
KP_HGUA02_099,P4a,0
KP_HGUA02_099,P4b,0
KP_HGUA02_099,S6a,0
KP_HGUA02_099,S8a,0
KP_HGUA02_099,S8b,0
KP_HGUA02_099,S8c,0
KP_HGUA02_099,S9a,0
KP_HGUA02_099,S10a,0
KP_HGUA02_099,S11a,0
KP_HGUA02_099,S13a,0
KP_HGUA02_099,S13b,0
KP_HGUA02_099,S13c,0
KP_HGUA02_099,S13d,0
KP_HGUA02_099,S13e,0
KP_HGUA02_099,S13f,0
KP_HGUA02_066,A1a,0
KP_HGUA02_066,A1b,0
KP_HGUA02_066,A1c,0
KP_HGUA02_066,A1d,0
KP_HGUA02_066,A1e,0
KP_HGUA02_066,A1f,0
KP_HGUA02_066,A1g,0
KP_HGUA02_066,A1h,0
KP_HGUA02_066,A1i,0
KP_HGUA02_066,A1j,0
KP_HGUA02_066,A1k,0
KP_HGUA02_066,A1l,0
KP_HGUA02_066,A1m,0
KP_HGUA02_066,A1n,0
KP_HGUA02_066,A1o,0
KP_HGUA02_066,A1p,0
KP_HGUA02_066,A1q,0
KP_HGUA02_066,A1r,0
KP_HGUA02_066,A2a_b,0
KP_HGUA02_066,A2a,0
KP_HGUA02_066,A2b,0
KP_HGUA02_066,A3a,0
KP_HGUA02_066,A3b,0
KP_HGUA02_066,A3c,0
KP_HGUA02_066,A3d,0
KP_HGUA02_066,D7a,0
KP_HGUA02_066,D7b,0
KP_HGUA02_066,D7c,0
KP_HGUA02_066,M5a,0
KP_HGUA02_066,M5b,0
KP_HGUA02_066,M12a,0
KP_HGUA02_066,P4a,0
KP_HGUA02_066,P4b,0
KP_HGUA02_066,S6a,0
KP_HGUA02_066,S8a,0
KP_HGUA02_066,S8b,0
KP_HGUA02_066,S8c,0
KP_HGUA02_066,S9a,0
KP_HGUA02_066,S10a,0
KP_HGUA02_066,S11a,0
KP_HGUA02_066,S13a,0
KP_HGUA02_066,S13b,0
KP_HGUA02_066,S13c,0
KP_HGUA02_066,S13d,0
KP_HGUA02_066,S13e,0
KP_HGUA02_066,S13f,1
KP_HGUA02_059,A1a,0
KP_HGUA02_059,A1b,0
KP_HGUA02_059,A1c,0
KP_HGUA02_059,A1d,0
KP_HGUA02_059,A1e,0
KP_HGUA02_059,A1f,0
KP_HGUA02_059,A1g,0
KP_HGUA02_059,A1h,0
KP_HGUA02_059,A1i,1
KP_HGUA02_059,A1j,1
KP_HGUA02_059,A1k,0
KP_HGUA02_059,A1l,0
KP_HGUA02_059,A1m,0
KP_HGUA02_059,A1n,0
KP_HGUA02_059,A1o,0
KP_HGUA02_059,A1p,0
KP_HGUA02_059,A1q,0
KP_HGUA02_059,A1r,0
KP_HGUA02_059,A2a_b,1
KP_HGUA02_059,A2a,1
KP_HGUA02_059,A2b,1
KP_HGUA02_059,A3a,0
KP_HGUA02_059,A3b,0
KP_HGUA02_059,A3c,0
KP_HGUA02_059,A3d,0
KP_HGUA02_059,D7a,0
KP_HGUA02_059,D7b,0
KP_HGUA02_059,D7c,0
KP_HGUA02_059,M5a,0
KP_HGUA02_059,M5b,0
KP_HGUA02_059,M12a,0
KP_HGUA02_059,P4a,0
KP_HGUA02_059,P4b,0
KP_HGUA02_059,S6a,0
KP_HGUA02_059,S8a,0
KP_HGUA02_059,S8b,0
KP_HGUA02_059,S8c,0
KP_HGUA02_059,S9a,0
KP_HGUA02_059,S10a,0
KP_HGUA02_059,S11a,0
KP_HGUA02_059,S13a,0
KP_HGUA02_059,S13b,0
KP_HGUA02_059,S13c,0
KP_HGUA02_059,S13d,0
KP_HGUA02_059,S13e,0
KP_HGUA02_059,S13f,0
KP_HGUA02_074,A1a,0
KP_HGUA02_074,A1b,0
KP_HGUA02_074,A1c,0
KP_HGUA02_074,A1d,0
KP_HGUA02_074,A1e,0
KP_HGUA02_074,A1f,0
KP_HGUA02_074,A1g,0
KP_HGUA02_074,A1h,1
KP_HGUA02_074,A1i,0
KP_HGUA02_074,A1j,0
KP_HGUA02_074,A1k,0
KP_HGUA02_074,A1l,0
KP_HGUA02_074,A1m,0
KP_HGUA02_074,A1n,0
KP_HGUA02_074,A1o,0
KP_HGUA02_074,A1p,0
KP_HGUA02_074,A1q,0
KP_HGUA02_074,A1r,0
KP_HGUA02_074,A2a_b,0
KP_HGUA02_074,A2a,0
KP_HGUA02_074,A2b,0
KP_HGUA02_074,A3a,0
KP_HGUA02_074,A3b,0
KP_HGUA02_074,A3c,0
KP_HGUA02_074,A3d,0
KP_HGUA02_074,D7a,0
KP_HGUA02_074,D7b,0
KP_HGUA02_074,D7c,0
KP_HGUA02_074,M5a,0
KP_HGUA02_074,M5b,0
KP_HGUA02_074,M12a,0
KP_HGUA02_074,P4a,0
KP_HGUA02_074,P4b,0
KP_HGUA02_074,S6a,0
KP_HGUA02_074,S8a,0
KP_HGUA02_074,S8b,0
KP_HGUA02_074,S8c,0
KP_HGUA02_074,S9a,0
KP_HGUA02_074,S10a,0
KP_HGUA02_074,S11a,0
KP_HGUA02_074,S13a,0
KP_HGUA02_074,S13b,0
KP_HGUA02_074,S13c,0
KP_HGUA02_074,S13d,0
KP_HGUA02_074,S13e,0
KP_HGUA02_074,S13f,0
KP_HGUA02_054,A1a,0
KP_HGUA02_054,A1b,0
KP_HGUA02_054,A1c,0
KP_HGUA02_054,A1d,0
KP_HGUA02_054,A1e,0
KP_HGUA02_054,A1f,0
KP_HGUA02_054,A1g,0
KP_HGUA02_054,A1h,0
KP_HGUA02_054,A1i,0
KP_HGUA02_054,A1j,0
KP_HGUA02_054,A1k,0
KP_HGUA02_054,A1l,0
KP_HGUA02_054,A1m,0
KP_HGUA02_054,A1n,0
KP_HGUA02_054,A1o,0
KP_HGUA02_054,A1p,0
KP_HGUA02_054,A1q,0
KP_HGUA02_054,A1r,0
KP_HGUA02_054,A2a_b,0
KP_HGUA02_054,A2a,0
KP_HGUA02_054,A2b,0
KP_HGUA02_054,A3a,0
KP_HGUA02_054,A3b,0
KP_HGUA02_054,A3c,0
KP_HGUA02_054,A3d,0
KP_HGUA02_054,D7a,0
KP_HGUA02_054,D7b,0
KP_HGUA02_054,D7c,0
KP_HGUA02_054,M5a,0
KP_HGUA02_054,M5b,0
KP_HGUA02_054,M12a,0
KP_HGUA02_054,P4a,0
KP_HGUA02_054,P4b,0
KP_HGUA02_054,S6a,0
KP_HGUA02_054,S8a,0
KP_HGUA02_054,S8b,0
KP_HGUA02_054,S8c,1
KP_HGUA02_054,S9a,0
KP_HGUA02_054,S10a,0
KP_HGUA02_054,S11a,0
KP_HGUA02_054,S13a,0
KP_HGUA02_054,S13b,0
KP_HGUA02_054,S13c,0
KP_HGUA02_054,S13d,0
KP_HGUA02_054,S13e,0
KP_HGUA02_054,S13f,0
KP_HGUA02_051,A1a,0
KP_HGUA02_051,A1b,0
KP_HGUA02_051,A1c,0
KP_HGUA02_051,A1d,0
KP_HGUA02_051,A1e,0
KP_HGUA02_051,A1f,0
KP_HGUA02_051,A1g,0
KP_HGUA02_051,A1h,0
KP_HGUA02_051,A1i,0
KP_HGUA02_051,A1j,0
KP_HGUA02_051,A1k,0
KP_HGUA02_051,A1l,0
KP_HGUA02_051,A1m,0
KP_HGUA02_051,A1n,0
KP_HGUA02_051,A1o,0
KP_HGUA02_051,A1p,0
KP_HGUA02_051,A1q,0
KP_HGUA02_051,A1r,0
KP_HGUA02_051,A2a_b,0
KP_HGUA02_051,A2a,0
KP_HGUA02_051,A2b,0
KP_HGUA02_051,A3a,0
KP_HGUA02_051,A3b,0
KP_HGUA02_051,A3c,0
KP_HGUA02_051,A3d,0
KP_HGUA02_051,D7a,0
KP_HGUA02_051,D7b,0
KP_HGUA02_051,D7c,0
KP_HGUA02_051,M5a,0
KP_HGUA02_051,M5b,0
KP_HGUA02_051,M12a,0
KP_HGUA02_051,P4a,0
KP_HGUA02_051,P4b,0
KP_HGUA02_051,S6a,0
KP_HGUA02_051,S8a,0
KP_HGUA02_051,S8b,0
KP_HGUA02_051,S8c,0
KP_HGUA02_051,S9a,0
KP_HGUA02_051,S10a,0
KP_HGUA02_051,S11a,0
KP_HGUA02_051,S13a,0
KP_HGUA02_051,S13b,0
KP_HGUA02_051,S13c,0
KP_HGUA02_051,S13d,0
KP_HGUA02_051,S13e,0
KP_HGUA02_051,S13f,0
KP_HGUA03_117,A1a,0
KP_HGUA03_117,A1b,0
KP_HGUA03_117,A1c,0
KP_HGUA03_117,A1d,0
KP_HGUA03_117,A1e,0
KP_HGUA03_117,A1f,0
KP_HGUA03_117,A1g,1
KP_HGUA03_117,A1h,0
KP_HGUA03_117,A1i,0
KP_HGUA03_117,A1j,0
KP_HGUA03_117,A1k,0
KP_HGUA03_117,A1l,0
KP_HGUA03_117,A1m,0
KP_HGUA03_117,A1n,0
KP_HGUA03_117,A1o,0
KP_HGUA03_117,A1p,0
KP_HGUA03_117,A1q,0
KP_HGUA03_117,A1r,0
KP_HGUA03_117,A2a_b,0
KP_HGUA03_117,A2a,0
KP_HGUA03_117,A2b,0
KP_HGUA03_117,A3a,0
KP_HGUA03_117,A3b,0
KP_HGUA03_117,A3c,0
KP_HGUA03_117,A3d,0
KP_HGUA03_117,D7a,0
KP_HGUA03_117,D7b,0
KP_HGUA03_117,D7c,0
KP_HGUA03_117,M5a,0
KP_HGUA03_117,M5b,0
KP_HGUA03_117,M12a,0
KP_HGUA03_117,P4a,0
KP_HGUA03_117,P4b,0
KP_HGUA03_117,S6a,0
KP_HGUA03_117,S8a,0
KP_HGUA03_117,S8b,0
KP_HGUA03_117,S8c,0
KP_HGUA03_117,S9a,0
KP_HGUA03_117,S10a,0
KP_HGUA03_117,S11a,0
KP_HGUA03_117,S13a,0
KP_HGUA03_117,S13b,0
KP_HGUA03_117,S13c,0
KP_HGUA03_117,S13d,0
KP_HGUA03_117,S13e,0
KP_HGUA03_117,S13f,0
KP_HGUA02_055,A1a,0
KP_HGUA02_055,A1b,0
KP_HGUA02_055,A1c,0
KP_HGUA02_055,A1d,0
KP_HGUA02_055,A1e,0
KP_HGUA02_055,A1f,0
KP_HGUA02_055,A1g,0
KP_HGUA02_055,A1h,0
KP_HGUA02_055,A1i,0
KP_HGUA02_055,A1j,0
KP_HGUA02_055,A1k,0
KP_HGUA02_055,A1l,0
KP_HGUA02_055,A1m,0
KP_HGUA02_055,A1n,0
KP_HGUA02_055,A1o,0
KP_HGUA02_055,A1p,0
KP_HGUA02_055,A1q,0
KP_HGUA02_055,A1r,0
KP_HGUA02_055,A2a_b,0
KP_HGUA02_055,A2a,0
KP_HGUA02_055,A2b,0
KP_HGUA02_055,A3a,0
KP_HGUA02_055,A3b,0
KP_HGUA02_055,A3c,0
KP_HGUA02_055,A3d,0
KP_HGUA02_055,D7a,0
KP_HGUA02_055,D7b,0
KP_HGUA02_055,D7c,0
KP_HGUA02_055,M5a,0
KP_HGUA02_055,M5b,0
KP_HGUA02_055,M12a,0
KP_HGUA02_055,P4a,0
KP_HGUA02_055,P4b,0
KP_HGUA02_055,S6a,0
KP_HGUA02_055,S8a,0
KP_HGUA02_055,S8b,0
KP_HGUA02_055,S8c,0
KP_HGUA02_055,S9a,0
KP_HGUA02_055,S10a,0
KP_HGUA02_055,S11a,0
KP_HGUA02_055,S13a,0
KP_HGUA02_055,S13b,0
KP_HGUA02_055,S13c,0
KP_HGUA02_055,S13d,0
KP_HGUA02_055,S13e,0
KP_HGUA02_055,S13f,1
KP_HGUA02_092,A1a,0
KP_HGUA02_092,A1b,0
KP_HGUA02_092,A1c,0
KP_HGUA02_092,A1d,1
KP_HGUA02_092,A1e,0
KP_HGUA02_092,A1f,0
KP_HGUA02_092,A1g,0
KP_HGUA02_092,A1h,0
KP_HGUA02_092,A1i,0
KP_HGUA02_092,A1j,0
KP_HGUA02_092,A1k,0
KP_HGUA02_092,A1l,0
KP_HGUA02_092,A1m,0
KP_HGUA02_092,A1n,0
KP_HGUA02_092,A1o,0
KP_HGUA02_092,A1p,0
KP_HGUA02_092,A1q,0
KP_HGUA02_092,A1r,0
KP_HGUA02_092,A2a_b,0
KP_HGUA02_092,A2a,0
KP_HGUA02_092,A2b,0
KP_HGUA02_092,A3a,0
KP_HGUA02_092,A3b,0
KP_HGUA02_092,A3c,0
KP_HGUA02_092,A3d,0
KP_HGUA02_092,D7a,0
KP_HGUA02_092,D7b,0
KP_HGUA02_092,D7c,0
KP_HGUA02_092,M5a,0
KP_HGUA02_092,M5b,0
KP_HGUA02_092,M12a,0
KP_HGUA02_092,P4a,0
KP_HGUA02_092,P4b,0
KP_HGUA02_092,S6a,0
KP_HGUA02_092,S8a,1
KP_HGUA02_092,S8b,0
KP_HGUA02_092,S8c,0
KP_HGUA02_092,S9a,0
KP_HGUA02_092,S10a,0
KP_HGUA02_092,S11a,0
KP_HGUA02_092,S13a,0
KP_HGUA02_092,S13b,0
KP_HGUA02_092,S13c,0
KP_HGUA02_092,S13d,0
KP_HGUA02_092,S13e,0
KP_HGUA02_092,S13f,0
HGUA4_15,A1a,0
HGUA4_15,A1b,0
HGUA4_15,A1c,0
HGUA4_15,A1d,0
HGUA4_15,A1e,0
HGUA4_15,A1f,0
HGUA4_15,A1g,0
HGUA4_15,A1h,0
HGUA4_15,A1i,0
HGUA4_15,A1j,0
HGUA4_15,A1k,0
HGUA4_15,A1l,0
HGUA4_15,A1m,0
HGUA4_15,A1n,0
HGUA4_15,A1o,0
HGUA4_15,A1p,0
HGUA4_15,A1q,0
HGUA4_15,A1r,0
HGUA4_15,A2a_b,0
HGUA4_15,A2a,0
HGUA4_15,A2b,0
HGUA4_15,A3a,0
HGUA4_15,A3b,0
HGUA4_15,A3c,0
HGUA4_15,A3d,0
HGUA4_15,D7a,0
HGUA4_15,D7b,0
HGUA4_15,D7c,0
HGUA4_15,M5a,0
HGUA4_15,M5b,0
HGUA4_15,M12a,0
HGUA4_15,P4a,0
HGUA4_15,P4b,0
HGUA4_15,S6a,0
HGUA4_15,S8a,0
HGUA4_15,S8b,1
HGUA4_15,S8c,1
HGUA4_15,S9a,0
HGUA4_15,S10a,0
HGUA4_15,S11a,0
HGUA4_15,S13a,0
HGUA4_15,S13b,0
HGUA4_15,S13c,0
HGUA4_15,S13d,1
HGUA4_15,S13e,0
HGUA4_15,S13f,0
KP_HGUA03_108,A1a,0
KP_HGUA03_108,A1b,0
KP_HGUA03_108,A1c,0
KP_HGUA03_108,A1d,0
KP_HGUA03_108,A1e,0
KP_HGUA03_108,A1f,0
KP_HGUA03_108,A1g,0
KP_HGUA03_108,A1h,0
KP_HGUA03_108,A1i,0
KP_HGUA03_108,A1j,0
KP_HGUA03_108,A1k,0
KP_HGUA03_108,A1l,0
KP_HGUA03_108,A1m,0
KP_HGUA03_108,A1n,0
KP_HGUA03_108,A1o,0
KP_HGUA03_108,A1p,0
KP_HGUA03_108,A1q,0
KP_HGUA03_108,A1r,0
KP_HGUA03_108,A2a_b,0
KP_HGUA03_108,A2a,0
KP_HGUA03_108,A2b,0
KP_HGUA03_108,A3a,0
KP_HGUA03_108,A3b,0
KP_HGUA03_108,A3c,0
KP_HGUA03_108,A3d,0
KP_HGUA03_108,D7a,0
KP_HGUA03_108,D7b,0
KP_HGUA03_108,D7c,0
KP_HGUA03_108,M5a,0
KP_HGUA03_108,M5b,0
KP_HGUA03_108,M12a,0
KP_HGUA03_108,P4a,0
KP_HGUA03_108,P4b,0
KP_HGUA03_108,S6a,0
KP_HGUA03_108,S8a,0
KP_HGUA03_108,S8b,0
KP_HGUA03_108,S8c,0
KP_HGUA03_108,S9a,0
KP_HGUA03_108,S10a,0
KP_HGUA03_108,S11a,0
KP_HGUA03_108,S13a,0
KP_HGUA03_108,S13b,0
KP_HGUA03_108,S13c,0
KP_HGUA03_108,S13d,0
KP_HGUA03_108,S13e,0
KP_HGUA03_108,S13f,0
KP_HGUA03_147,A1a,0
KP_HGUA03_147,A1b,0
KP_HGUA03_147,A1c,0
KP_HGUA03_147,A1d,0
KP_HGUA03_147,A1e,0
KP_HGUA03_147,A1f,0
KP_HGUA03_147,A1g,0
KP_HGUA03_147,A1h,0
KP_HGUA03_147,A1i,0
KP_HGUA03_147,A1j,0
KP_HGUA03_147,A1k,0
KP_HGUA03_147,A1l,0
KP_HGUA03_147,A1m,0
KP_HGUA03_147,A1n,0
KP_HGUA03_147,A1o,0
KP_HGUA03_147,A1p,0
KP_HGUA03_147,A1q,0
KP_HGUA03_147,A1r,0
KP_HGUA03_147,A2a_b,0
KP_HGUA03_147,A2a,0
KP_HGUA03_147,A2b,0
KP_HGUA03_147,A3a,0
KP_HGUA03_147,A3b,0
KP_HGUA03_147,A3c,0
KP_HGUA03_147,A3d,0
KP_HGUA03_147,D7a,0
KP_HGUA03_147,D7b,0
KP_HGUA03_147,D7c,0
KP_HGUA03_147,M5a,0
KP_HGUA03_147,M5b,0
KP_HGUA03_147,M12a,0
KP_HGUA03_147,P4a,0
KP_HGUA03_147,P4b,0
KP_HGUA03_147,S6a,0
KP_HGUA03_147,S8a,0
KP_HGUA03_147,S8b,0
KP_HGUA03_147,S8c,0
KP_HGUA03_147,S9a,0
KP_HGUA03_147,S10a,0
KP_HGUA03_147,S11a,0
KP_HGUA03_147,S13a,0
KP_HGUA03_147,S13b,0
KP_HGUA03_147,S13c,0
KP_HGUA03_147,S13d,0
KP_HGUA03_147,S13e,0
KP_HGUA03_147,S13f,0
KP_HGUA02_071,A1a,0
KP_HGUA02_071,A1b,0
KP_HGUA02_071,A1c,0
KP_HGUA02_071,A1d,0
KP_HGUA02_071,A1e,0
KP_HGUA02_071,A1f,0
KP_HGUA02_071,A1g,0
KP_HGUA02_071,A1h,0
KP_HGUA02_071,A1i,0
KP_HGUA02_071,A1j,0
KP_HGUA02_071,A1k,0
KP_HGUA02_071,A1l,0
KP_HGUA02_071,A1m,0
KP_HGUA02_071,A1n,0
KP_HGUA02_071,A1o,0
KP_HGUA02_071,A1p,0
KP_HGUA02_071,A1q,0
KP_HGUA02_071,A1r,0
KP_HGUA02_071,A2a_b,0
KP_HGUA02_071,A2a,0
KP_HGUA02_071,A2b,0
KP_HGUA02_071,A3a,0
KP_HGUA02_071,A3b,0
KP_HGUA02_071,A3c,0
KP_HGUA02_071,A3d,1
KP_HGUA02_071,D7a,0
KP_HGUA02_071,D7b,0
KP_HGUA02_071,D7c,0
KP_HGUA02_071,M5a,0
KP_HGUA02_071,M5b,0
KP_HGUA02_071,M12a,0
KP_HGUA02_071,P4a,0
KP_HGUA02_071,P4b,0
KP_HGUA02_071,S6a,0
KP_HGUA02_071,S8a,0
KP_HGUA02_071,S8b,1
KP_HGUA02_071,S8c,1
KP_HGUA02_071,S9a,0
KP_HGUA02_071,S10a,0
KP_HGUA02_071,S11a,0
KP_HGUA02_071,S13a,0
KP_HGUA02_071,S13b,0
KP_HGUA02_071,S13c,0
KP_HGUA02_071,S13d,0
KP_HGUA02_071,S13e,0
KP_HGUA02_071,S13f,0
KP_HGUA02_089,A1a,0
KP_HGUA02_089,A1b,0
KP_HGUA02_089,A1c,0
KP_HGUA02_089,A1d,0
KP_HGUA02_089,A1e,0
KP_HGUA02_089,A1f,0
KP_HGUA02_089,A1g,0
KP_HGUA02_089,A1h,0
KP_HGUA02_089,A1i,0
KP_HGUA02_089,A1j,0
KP_HGUA02_089,A1k,0
KP_HGUA02_089,A1l,0
KP_HGUA02_089,A1m,0
KP_HGUA02_089,A1n,0
KP_HGUA02_089,A1o,0
KP_HGUA02_089,A1p,0
KP_HGUA02_089,A1q,0
KP_HGUA02_089,A1r,0
KP_HGUA02_089,A2a_b,0
KP_HGUA02_089,A2a,0
KP_HGUA02_089,A2b,0
KP_HGUA02_089,A3a,0
KP_HGUA02_089,A3b,0
KP_HGUA02_089,A3c,0
KP_HGUA02_089,A3d,0
KP_HGUA02_089,D7a,0
KP_HGUA02_089,D7b,0
KP_HGUA02_089,D7c,0
KP_HGUA02_089,M5a,0
KP_HGUA02_089,M5b,0
KP_HGUA02_089,M12a,0
KP_HGUA02_089,P4a,0
KP_HGUA02_089,P4b,0
KP_HGUA02_089,S6a,0
KP_HGUA02_089,S8a,0
KP_HGUA02_089,S8b,0
KP_HGUA02_089,S8c,1
KP_HGUA02_089,S9a,0
KP_HGUA02_089,S10a,0
KP_HGUA02_089,S11a,0
KP_HGUA02_089,S13a,0
KP_HGUA02_089,S13b,0
KP_HGUA02_089,S13c,0
KP_HGUA02_089,S13d,0
KP_HGUA02_089,S13e,0
KP_HGUA02_089,S13f,0
Kpcas027,A1a,0
Kpcas027,A1b,0
Kpcas027,A1c,0
Kpcas027,A1d,0
Kpcas027,A1e,0
Kpcas027,A1f,0
Kpcas027,A1g,0
Kpcas027,A1h,0
Kpcas027,A1i,0
Kpcas027,A1j,0
Kpcas027,A1k,0
Kpcas027,A1l,0
Kpcas027,A1m,0
Kpcas027,A1n,0
Kpcas027,A1o,0
Kpcas027,A1p,0
Kpcas027,A1q,0
Kpcas027,A1r,0
Kpcas027,A2a_b,0
Kpcas027,A2a,0
Kpcas027,A2b,0
Kpcas027,A3a,0
Kpcas027,A3b,0
Kpcas027,A3c,0
Kpcas027,A3d,0
Kpcas027,D7a,0
Kpcas027,D7b,0
Kpcas027,D7c,0
Kpcas027,M5a,0
Kpcas027,M5b,0
Kpcas027,M12a,0
Kpcas027,P4a,0
Kpcas027,P4b,0
Kpcas027,S6a,0
Kpcas027,S8a,0
Kpcas027,S8b,1
Kpcas027,S8c,1
Kpcas027,S9a,0
Kpcas027,S10a,0
Kpcas027,S11a,0
Kpcas027,S13a,0
Kpcas027,S13b,0
Kpcas027,S13c,0
Kpcas027,S13d,0
Kpcas027,S13e,0
Kpcas027,S13f,0
Kpcas048,A1a,0
Kpcas048,A1b,0
Kpcas048,A1c,0
Kpcas048,A1d,0
Kpcas048,A1e,0
Kpcas048,A1f,0
Kpcas048,A1g,0
Kpcas048,A1h,0
Kpcas048,A1i,0
Kpcas048,A1j,0
Kpcas048,A1k,0
Kpcas048,A1l,0
Kpcas048,A1m,0
Kpcas048,A1n,0
Kpcas048,A1o,0
Kpcas048,A1p,0
Kpcas048,A1q,0
Kpcas048,A1r,0
Kpcas048,A2a_b,0
Kpcas048,A2a,0
Kpcas048,A2b,0
Kpcas048,A3a,0
Kpcas048,A3b,0
Kpcas048,A3c,0
Kpcas048,A3d,0
Kpcas048,D7a,0
Kpcas048,D7b,0
Kpcas048,D7c,0
Kpcas048,M5a,0
Kpcas048,M5b,0
Kpcas048,M12a,0
Kpcas048,P4a,0
Kpcas048,P4b,0
Kpcas048,S6a,0
Kpcas048,S8a,0
Kpcas048,S8b,0
Kpcas048,S8c,0
Kpcas048,S9a,0
Kpcas048,S10a,0
Kpcas048,S11a,0
Kpcas048,S13a,0
Kpcas048,S13b,0
Kpcas048,S13c,0
Kpcas048,S13d,0
Kpcas048,S13e,0
Kpcas048,S13f,0
Kpcas083,A1a,0
Kpcas083,A1b,0
Kpcas083,A1c,0
Kpcas083,A1d,0
Kpcas083,A1e,0
Kpcas083,A1f,0
Kpcas083,A1g,0
Kpcas083,A1h,0
Kpcas083,A1i,0
Kpcas083,A1j,0
Kpcas083,A1k,0
Kpcas083,A1l,0
Kpcas083,A1m,0
Kpcas083,A1n,0
Kpcas083,A1o,0
Kpcas083,A1p,0
Kpcas083,A1q,0
Kpcas083,A1r,0
Kpcas083,A2a_b,0
Kpcas083,A2a,0
Kpcas083,A2b,0
Kpcas083,A3a,0
Kpcas083,A3b,0
Kpcas083,A3c,0
Kpcas083,A3d,0
Kpcas083,D7a,0
Kpcas083,D7b,0
Kpcas083,D7c,0
Kpcas083,M5a,0
Kpcas083,M5b,0
Kpcas083,M12a,0
Kpcas083,P4a,0
Kpcas083,P4b,0
Kpcas083,S6a,0
Kpcas083,S8a,0
Kpcas083,S8b,0
Kpcas083,S8c,0
Kpcas083,S9a,0
Kpcas083,S10a,0
Kpcas083,S11a,0
Kpcas083,S13a,0
Kpcas083,S13b,0
Kpcas083,S13c,0
Kpcas083,S13d,0
Kpcas083,S13e,0
Kpcas083,S13f,0
Kpcas024,A1a,0
Kpcas024,A1b,0
Kpcas024,A1c,0
Kpcas024,A1d,0
Kpcas024,A1e,0
Kpcas024,A1f,0
Kpcas024,A1g,0
Kpcas024,A1h,0
Kpcas024,A1i,0
Kpcas024,A1j,0
Kpcas024,A1k,0
Kpcas024,A1l,0
Kpcas024,A1m,0
Kpcas024,A1n,0
Kpcas024,A1o,0
Kpcas024,A1p,0
Kpcas024,A1q,0
Kpcas024,A1r,0
Kpcas024,A2a_b,0
Kpcas024,A2a,0
Kpcas024,A2b,0
Kpcas024,A3a,0
Kpcas024,A3b,0
Kpcas024,A3c,0
Kpcas024,A3d,0
Kpcas024,D7a,0
Kpcas024,D7b,0
Kpcas024,D7c,0
Kpcas024,M5a,0
Kpcas024,M5b,0
Kpcas024,M12a,0
Kpcas024,P4a,0
Kpcas024,P4b,0
Kpcas024,S6a,0
Kpcas024,S8a,0
Kpcas024,S8b,0
Kpcas024,S8c,1
Kpcas024,S9a,1
Kpcas024,S10a,0
Kpcas024,S11a,0
Kpcas024,S13a,0
Kpcas024,S13b,0
Kpcas024,S13c,0
Kpcas024,S13d,0
Kpcas024,S13e,0
Kpcas024,S13f,0
HGUC2_04,A1a,0
HGUC2_04,A1b,0
HGUC2_04,A1c,0
HGUC2_04,A1d,0
HGUC2_04,A1e,0
HGUC2_04,A1f,0
HGUC2_04,A1g,0
HGUC2_04,A1h,0
HGUC2_04,A1i,0
HGUC2_04,A1j,0
HGUC2_04,A1k,0
HGUC2_04,A1l,0
HGUC2_04,A1m,0
HGUC2_04,A1n,0
HGUC2_04,A1o,0
HGUC2_04,A1p,0
HGUC2_04,A1q,0
HGUC2_04,A1r,0
HGUC2_04,A2a_b,0
HGUC2_04,A2a,0
HGUC2_04,A2b,0
HGUC2_04,A3a,0
HGUC2_04,A3b,0
HGUC2_04,A3c,0
HGUC2_04,A3d,0
HGUC2_04,D7a,0
HGUC2_04,D7b,0
HGUC2_04,D7c,0
HGUC2_04,M5a,0
HGUC2_04,M5b,0
HGUC2_04,M12a,0
HGUC2_04,P4a,0
HGUC2_04,P4b,0
HGUC2_04,S6a,0
HGUC2_04,S8a,0
HGUC2_04,S8b,0
HGUC2_04,S8c,0
HGUC2_04,S9a,0
HGUC2_04,S10a,0
HGUC2_04,S11a,0
HGUC2_04,S13a,0
HGUC2_04,S13b,0
HGUC2_04,S13c,0
HGUC2_04,S13d,0
HGUC2_04,S13e,0
HGUC2_04,S13f,0
Kpcas054,A1a,0
Kpcas054,A1b,0
Kpcas054,A1c,0
Kpcas054,A1d,0
Kpcas054,A1e,0
Kpcas054,A1f,0
Kpcas054,A1g,0
Kpcas054,A1h,0
Kpcas054,A1i,0
Kpcas054,A1j,0
Kpcas054,A1k,0
Kpcas054,A1l,0
Kpcas054,A1m,0
Kpcas054,A1n,0
Kpcas054,A1o,0
Kpcas054,A1p,0
Kpcas054,A1q,0
Kpcas054,A1r,0
Kpcas054,A2a_b,0
Kpcas054,A2a,0
Kpcas054,A2b,0
Kpcas054,A3a,0
Kpcas054,A3b,0
Kpcas054,A3c,0
Kpcas054,A3d,0
Kpcas054,D7a,0
Kpcas054,D7b,0
Kpcas054,D7c,0
Kpcas054,M5a,0
Kpcas054,M5b,0
Kpcas054,M12a,0
Kpcas054,P4a,0
Kpcas054,P4b,0
Kpcas054,S6a,0
Kpcas054,S8a,0
Kpcas054,S8b,0
Kpcas054,S8c,0
Kpcas054,S9a,0
Kpcas054,S10a,0
Kpcas054,S11a,0
Kpcas054,S13a,0
Kpcas054,S13b,0
Kpcas054,S13c,0
Kpcas054,S13d,0
Kpcas054,S13e,0
Kpcas054,S13f,0
HGUC2_09,A1a,0
HGUC2_09,A1b,0
HGUC2_09,A1c,0
HGUC2_09,A1d,0
HGUC2_09,A1e,0
HGUC2_09,A1f,0
HGUC2_09,A1g,0
HGUC2_09,A1h,0
HGUC2_09,A1i,0
HGUC2_09,A1j,0
HGUC2_09,A1k,0
HGUC2_09,A1l,0
HGUC2_09,A1m,0
HGUC2_09,A1n,0
HGUC2_09,A1o,0
HGUC2_09,A1p,0
HGUC2_09,A1q,0
HGUC2_09,A1r,0
HGUC2_09,A2a_b,0
HGUC2_09,A2a,0
HGUC2_09,A2b,0
HGUC2_09,A3a,0
HGUC2_09,A3b,0
HGUC2_09,A3c,0
HGUC2_09,A3d,0
HGUC2_09,D7a,0
HGUC2_09,D7b,0
HGUC2_09,D7c,0
HGUC2_09,M5a,0
HGUC2_09,M5b,0
HGUC2_09,M12a,0
HGUC2_09,P4a,0
HGUC2_09,P4b,0
HGUC2_09,S6a,0
HGUC2_09,S8a,0
HGUC2_09,S8b,0
HGUC2_09,S8c,0
HGUC2_09,S9a,0
HGUC2_09,S10a,0
HGUC2_09,S11a,0
HGUC2_09,S13a,0
HGUC2_09,S13b,0
HGUC2_09,S13c,0
HGUC2_09,S13d,0
HGUC2_09,S13e,0
HGUC2_09,S13f,0
HLF1_17,A1a,0
HLF1_17,A1b,0
HLF1_17,A1c,0
HLF1_17,A1d,0
HLF1_17,A1e,0
HLF1_17,A1f,0
HLF1_17,A1g,0
HLF1_17,A1h,0
HLF1_17,A1i,0
HLF1_17,A1j,0
HLF1_17,A1k,0
HLF1_17,A1l,0
HLF1_17,A1m,0
HLF1_17,A1n,0
HLF1_17,A1o,0
HLF1_17,A1p,0
HLF1_17,A1q,0
HLF1_17,A1r,0
HLF1_17,A2a_b,0
HLF1_17,A2a,0
HLF1_17,A2b,0
HLF1_17,A3a,0
HLF1_17,A3b,0
HLF1_17,A3c,0
HLF1_17,A3d,0
HLF1_17,D7a,0
HLF1_17,D7b,0
HLF1_17,D7c,0
HLF1_17,M5a,0
HLF1_17,M5b,0
HLF1_17,M12a,0
HLF1_17,P4a,0
HLF1_17,P4b,0
HLF1_17,S6a,0
HLF1_17,S8a,0
HLF1_17,S8b,0
HLF1_17,S8c,0
HLF1_17,S9a,0
HLF1_17,S10a,0
HLF1_17,S11a,0
HLF1_17,S13a,0
HLF1_17,S13b,0
HLF1_17,S13c,0
HLF1_17,S13d,0
HLF1_17,S13e,0
HLF1_17,S13f,0
HLF1_40,A1a,0
HLF1_40,A1b,0
HLF1_40,A1c,0
HLF1_40,A1d,0
HLF1_40,A1e,0
HLF1_40,A1f,0
HLF1_40,A1g,0
HLF1_40,A1h,0
HLF1_40,A1i,0
HLF1_40,A1j,0
HLF1_40,A1k,0
HLF1_40,A1l,0
HLF1_40,A1m,0
HLF1_40,A1n,0
HLF1_40,A1o,0
HLF1_40,A1p,0
HLF1_40,A1q,0
HLF1_40,A1r,0
HLF1_40,A2a_b,0
HLF1_40,A2a,0
HLF1_40,A2b,0
HLF1_40,A3a,0
HLF1_40,A3b,0
HLF1_40,A3c,0
HLF1_40,A3d,0
HLF1_40,D7a,0
HLF1_40,D7b,0
HLF1_40,D7c,0
HLF1_40,M5a,0
HLF1_40,M5b,0
HLF1_40,M12a,0
HLF1_40,P4a,0
HLF1_40,P4b,0
HLF1_40,S6a,0
HLF1_40,S8a,0
HLF1_40,S8b,0
HLF1_40,S8c,0
HLF1_40,S9a,0
HLF1_40,S10a,0
HLF1_40,S11a,0
HLF1_40,S13a,0
HLF1_40,S13b,0
HLF1_40,S13c,0
HLF1_40,S13d,0
HLF1_40,S13e,0
HLF1_40,S13f,0
HLF1_54,A1a,0
HLF1_54,A1b,0
HLF1_54,A1c,0
HLF1_54,A1d,0
HLF1_54,A1e,0
HLF1_54,A1f,0
HLF1_54,A1g,0
HLF1_54,A1h,0
HLF1_54,A1i,0
HLF1_54,A1j,0
HLF1_54,A1k,0
HLF1_54,A1l,0
HLF1_54,A1m,0
HLF1_54,A1n,0
HLF1_54,A1o,0
HLF1_54,A1p,0
HLF1_54,A1q,0
HLF1_54,A1r,0
HLF1_54,A2a_b,0
HLF1_54,A2a,0
HLF1_54,A2b,0
HLF1_54,A3a,0
HLF1_54,A3b,0
HLF1_54,A3c,0
HLF1_54,A3d,0
HLF1_54,D7a,0
HLF1_54,D7b,0
HLF1_54,D7c,0
HLF1_54,M5a,0
HLF1_54,M5b,0
HLF1_54,M12a,0
HLF1_54,P4a,0
HLF1_54,P4b,0
HLF1_54,S6a,0
HLF1_54,S8a,0
HLF1_54,S8b,0
HLF1_54,S8c,0
HLF1_54,S9a,0
HLF1_54,S10a,0
HLF1_54,S11a,0
HLF1_54,S13a,0
HLF1_54,S13b,0
HLF1_54,S13c,0
HLF1_54,S13d,0
HLF1_54,S13e,0
HLF1_54,S13f,0
HLF1_68,A1a,0
HLF1_68,A1b,0
HLF1_68,A1c,0
HLF1_68,A1d,0
HLF1_68,A1e,0
HLF1_68,A1f,0
HLF1_68,A1g,0
HLF1_68,A1h,0
HLF1_68,A1i,0
HLF1_68,A1j,0
HLF1_68,A1k,0
HLF1_68,A1l,0
HLF1_68,A1m,0
HLF1_68,A1n,0
HLF1_68,A1o,0
HLF1_68,A1p,0
HLF1_68,A1q,0
HLF1_68,A1r,0
HLF1_68,A2a_b,0
HLF1_68,A2a,0
HLF1_68,A2b,0
HLF1_68,A3a,0
HLF1_68,A3b,0
HLF1_68,A3c,0
HLF1_68,A3d,0
HLF1_68,D7a,0
HLF1_68,D7b,0
HLF1_68,D7c,0
HLF1_68,M5a,0
HLF1_68,M5b,0
HLF1_68,M12a,0
HLF1_68,P4a,0
HLF1_68,P4b,0
HLF1_68,S6a,0
HLF1_68,S8a,0
HLF1_68,S8b,0
HLF1_68,S8c,0
HLF1_68,S9a,0
HLF1_68,S10a,0
HLF1_68,S11a,0
HLF1_68,S13a,0
HLF1_68,S13b,0
HLF1_68,S13c,0
HLF1_68,S13d,0
HLF1_68,S13e,0
HLF1_68,S13f,0
102KP-HG,A1a,1
102KP-HG,A1b,0
102KP-HG,A1c,0
102KP-HG,A1d,0
102KP-HG,A1e,0
102KP-HG,A1f,0
102KP-HG,A1g,0
102KP-HG,A1h,0
102KP-HG,A1i,0
102KP-HG,A1j,0
102KP-HG,A1k,0
102KP-HG,A1l,0
102KP-HG,A1m,0
102KP-HG,A1n,0
102KP-HG,A1o,0
102KP-HG,A1p,0
102KP-HG,A1q,0
102KP-HG,A1r,0
102KP-HG,A2a_b,0
102KP-HG,A2a,0
102KP-HG,A2b,0
102KP-HG,A3a,0
102KP-HG,A3b,0
102KP-HG,A3c,0
102KP-HG,A3d,0
102KP-HG,D7a,1
102KP-HG,D7b,1
102KP-HG,D7c,0
102KP-HG,M5a,0
102KP-HG,M5b,0
102KP-HG,M12a,0
102KP-HG,P4a,0
102KP-HG,P4b,0
102KP-HG,S6a,1
102KP-HG,S8a,1
102KP-HG,S8b,1
102KP-HG,S8c,1
102KP-HG,S9a,0
102KP-HG,S10a,0
102KP-HG,S11a,0
102KP-HG,S13a,0
102KP-HG,S13b,0
102KP-HG,S13c,0
102KP-HG,S13d,0
102KP-HG,S13e,0
102KP-HG,S13f,0
156KP-HG,A1a,0
156KP-HG,A1b,0
156KP-HG,A1c,0
156KP-HG,A1d,0
156KP-HG,A1e,0
156KP-HG,A1f,0
156KP-HG,A1g,0
156KP-HG,A1h,1
156KP-HG,A1i,0
156KP-HG,A1j,0
156KP-HG,A1k,0
156KP-HG,A1l,0
156KP-HG,A1m,0
156KP-HG,A1n,0
156KP-HG,A1o,0
156KP-HG,A1p,0
156KP-HG,A1q,0
156KP-HG,A1r,0
156KP-HG,A2a_b,0
156KP-HG,A2a,0
156KP-HG,A2b,0
156KP-HG,A3a,0
156KP-HG,A3b,0
156KP-HG,A3c,0
156KP-HG,A3d,0
156KP-HG,D7a,0
156KP-HG,D7b,0
156KP-HG,D7c,0
156KP-HG,M5a,0
156KP-HG,M5b,0
156KP-HG,M12a,0
156KP-HG,P4a,0
156KP-HG,P4b,0
156KP-HG,S6a,0
156KP-HG,S8a,1
156KP-HG,S8b,0
156KP-HG,S8c,0
156KP-HG,S9a,0
156KP-HG,S10a,0
156KP-HG,S11a,0
156KP-HG,S13a,0
156KP-HG,S13b,0
156KP-HG,S13c,0
156KP-HG,S13d,0
156KP-HG,S13e,0
156KP-HG,S13f,0
159KP-HG,A1a,0
159KP-HG,A1b,0
159KP-HG,A1c,0
159KP-HG,A1d,0
159KP-HG,A1e,0
159KP-HG,A1f,0
159KP-HG,A1g,0
159KP-HG,A1h,0
159KP-HG,A1i,0
159KP-HG,A1j,0
159KP-HG,A1k,0
159KP-HG,A1l,0
159KP-HG,A1m,0
159KP-HG,A1n,0
159KP-HG,A1o,0
159KP-HG,A1p,0
159KP-HG,A1q,0
159KP-HG,A1r,0
159KP-HG,A2a_b,0
159KP-HG,A2a,0
159KP-HG,A2b,0
159KP-HG,A3a,0
159KP-HG,A3b,0
159KP-HG,A3c,0
159KP-HG,A3d,0
159KP-HG,D7a,0
159KP-HG,D7b,0
159KP-HG,D7c,0
159KP-HG,M5a,0
159KP-HG,M5b,0
159KP-HG,M12a,0
159KP-HG,P4a,0
159KP-HG,P4b,0
159KP-HG,S6a,0
159KP-HG,S8a,0
159KP-HG,S8b,0
159KP-HG,S8c,0
159KP-HG,S9a,0
159KP-HG,S10a,0
159KP-HG,S11a,0
159KP-HG,S13a,0
159KP-HG,S13b,0
159KP-HG,S13c,0
159KP-HG,S13d,0
159KP-HG,S13e,0
159KP-HG,S13f,0
191KP-HG,A1a,0
191KP-HG,A1b,0
191KP-HG,A1c,0
191KP-HG,A1d,0
191KP-HG,A1e,0
191KP-HG,A1f,0
191KP-HG,A1g,0
191KP-HG,A1h,0
191KP-HG,A1i,0
191KP-HG,A1j,0
191KP-HG,A1k,0
191KP-HG,A1l,0
191KP-HG,A1m,0
191KP-HG,A1n,0
191KP-HG,A1o,0
191KP-HG,A1p,0
191KP-HG,A1q,0
191KP-HG,A1r,0
191KP-HG,A2a_b,0
191KP-HG,A2a,0
191KP-HG,A2b,0
191KP-HG,A3a,0
191KP-HG,A3b,0
191KP-HG,A3c,0
191KP-HG,A3d,0
191KP-HG,D7a,0
191KP-HG,D7b,0
191KP-HG,D7c,0
191KP-HG,M5a,0
191KP-HG,M5b,0
191KP-HG,M12a,0
191KP-HG,P4a,0
191KP-HG,P4b,0
191KP-HG,S6a,0
191KP-HG,S8a,0
191KP-HG,S8b,0
191KP-HG,S8c,0
191KP-HG,S9a,0
191KP-HG,S10a,0
191KP-HG,S11a,0
191KP-HG,S13a,0
191KP-HG,S13b,0
191KP-HG,S13c,0
191KP-HG,S13d,0
191KP-HG,S13e,0
191KP-HG,S13f,0
201KP-HG,A1a,0
201KP-HG,A1b,0
201KP-HG,A1c,0
201KP-HG,A1d,0
201KP-HG,A1e,0
201KP-HG,A1f,0
201KP-HG,A1g,0
201KP-HG,A1h,0
201KP-HG,A1i,0
201KP-HG,A1j,0
201KP-HG,A1k,0
201KP-HG,A1l,0
201KP-HG,A1m,0
201KP-HG,A1n,0
201KP-HG,A1o,0
201KP-HG,A1p,0
201KP-HG,A1q,0
201KP-HG,A1r,0
201KP-HG,A2a_b,0
201KP-HG,A2a,0
201KP-HG,A2b,0
201KP-HG,A3a,0
201KP-HG,A3b,0
201KP-HG,A3c,0
201KP-HG,A3d,0
201KP-HG,D7a,0
201KP-HG,D7b,0
201KP-HG,D7c,0
201KP-HG,M5a,0
201KP-HG,M5b,0
201KP-HG,M12a,0
201KP-HG,P4a,0
201KP-HG,P4b,0
201KP-HG,S6a,0
201KP-HG,S8a,0
201KP-HG,S8b,0
201KP-HG,S8c,0
201KP-HG,S9a,0
201KP-HG,S10a,0
201KP-HG,S11a,0
201KP-HG,S13a,0
201KP-HG,S13b,0
201KP-HG,S13c,0
201KP-HG,S13d,0
201KP-HG,S13e,0
201KP-HG,S13f,0
205KP-HG,A1a,0
205KP-HG,A1b,0
205KP-HG,A1c,0
205KP-HG,A1d,0
205KP-HG,A1e,0
205KP-HG,A1f,0
205KP-HG,A1g,0
205KP-HG,A1h,0
205KP-HG,A1i,0
205KP-HG,A1j,0
205KP-HG,A1k,0
205KP-HG,A1l,0
205KP-HG,A1m,0
205KP-HG,A1n,0
205KP-HG,A1o,0
205KP-HG,A1p,0
205KP-HG,A1q,0
205KP-HG,A1r,0
205KP-HG,A2a_b,0
205KP-HG,A2a,0
205KP-HG,A2b,0
205KP-HG,A3a,0
205KP-HG,A3b,0
205KP-HG,A3c,0
205KP-HG,A3d,0
205KP-HG,D7a,0
205KP-HG,D7b,0
205KP-HG,D7c,0
205KP-HG,M5a,0
205KP-HG,M5b,0
205KP-HG,M12a,0
205KP-HG,P4a,0
205KP-HG,P4b,0
205KP-HG,S6a,0
205KP-HG,S8a,0
205KP-HG,S8b,0
205KP-HG,S8c,0
205KP-HG,S9a,0
205KP-HG,S10a,0
205KP-HG,S11a,0
205KP-HG,S13a,0
205KP-HG,S13b,0
205KP-HG,S13c,0
205KP-HG,S13d,0
205KP-HG,S13e,0
205KP-HG,S13f,0
218KP-HG,A1a,1
218KP-HG,A1b,0
218KP-HG,A1c,0
218KP-HG,A1d,0
218KP-HG,A1e,0
218KP-HG,A1f,0
218KP-HG,A1g,0
218KP-HG,A1h,0
218KP-HG,A1i,0
218KP-HG,A1j,0
218KP-HG,A1k,0
218KP-HG,A1l,0
218KP-HG,A1m,0
218KP-HG,A1n,0
218KP-HG,A1o,0
218KP-HG,A1p,0
218KP-HG,A1q,0
218KP-HG,A1r,0
218KP-HG,A2a_b,0
218KP-HG,A2a,0
218KP-HG,A2b,0
218KP-HG,A3a,0
218KP-HG,A3b,0
218KP-HG,A3c,0
218KP-HG,A3d,0
218KP-HG,D7a,0
218KP-HG,D7b,0
218KP-HG,D7c,0
218KP-HG,M5a,0
218KP-HG,M5b,0
218KP-HG,M12a,0
218KP-HG,P4a,0
218KP-HG,P4b,0
218KP-HG,S6a,1
218KP-HG,S8a,0
218KP-HG,S8b,1
218KP-HG,S8c,0
218KP-HG,S9a,0
218KP-HG,S10a,0
218KP-HG,S11a,0
218KP-HG,S13a,0
218KP-HG,S13b,0
218KP-HG,S13c,0
218KP-HG,S13d,0
218KP-HG,S13e,0
218KP-HG,S13f,1
225KP-HG,A1a,0
225KP-HG,A1b,0
225KP-HG,A1c,0
225KP-HG,A1d,0
225KP-HG,A1e,0
225KP-HG,A1f,0
225KP-HG,A1g,0
225KP-HG,A1h,0
225KP-HG,A1i,0
225KP-HG,A1j,0
225KP-HG,A1k,0
225KP-HG,A1l,0
225KP-HG,A1m,0
225KP-HG,A1n,0
225KP-HG,A1o,0
225KP-HG,A1p,0
225KP-HG,A1q,0
225KP-HG,A1r,0
225KP-HG,A2a_b,0
225KP-HG,A2a,0
225KP-HG,A2b,0
225KP-HG,A3a,0
225KP-HG,A3b,0
225KP-HG,A3c,0
225KP-HG,A3d,0
225KP-HG,D7a,0
225KP-HG,D7b,0
225KP-HG,D7c,0
225KP-HG,M5a,0
225KP-HG,M5b,0
225KP-HG,M12a,0
225KP-HG,P4a,0
225KP-HG,P4b,0
225KP-HG,S6a,0
225KP-HG,S8a,0
225KP-HG,S8b,0
225KP-HG,S8c,0
225KP-HG,S9a,0
225KP-HG,S10a,0
225KP-HG,S11a,0
225KP-HG,S13a,0
225KP-HG,S13b,0
225KP-HG,S13c,0
225KP-HG,S13d,0
225KP-HG,S13e,0
225KP-HG,S13f,0
234KP-HG,A1a,0
234KP-HG,A1b,0
234KP-HG,A1c,0
234KP-HG,A1d,0
234KP-HG,A1e,0
234KP-HG,A1f,0
234KP-HG,A1g,0
234KP-HG,A1h,0
234KP-HG,A1i,0
234KP-HG,A1j,0
234KP-HG,A1k,0
234KP-HG,A1l,0
234KP-HG,A1m,0
234KP-HG,A1n,0
234KP-HG,A1o,0
234KP-HG,A1p,0
234KP-HG,A1q,0
234KP-HG,A1r,0
234KP-HG,A2a_b,0
234KP-HG,A2a,0
234KP-HG,A2b,0
234KP-HG,A3a,0
234KP-HG,A3b,0
234KP-HG,A3c,0
234KP-HG,A3d,0
234KP-HG,D7a,0
234KP-HG,D7b,0
234KP-HG,D7c,0
234KP-HG,M5a,0
234KP-HG,M5b,0
234KP-HG,M12a,0
234KP-HG,P4a,0
234KP-HG,P4b,0
234KP-HG,S6a,0
234KP-HG,S8a,0
234KP-HG,S8b,0
234KP-HG,S8c,0
234KP-HG,S9a,0
234KP-HG,S10a,0
234KP-HG,S11a,0
234KP-HG,S13a,0
234KP-HG,S13b,0
234KP-HG,S13c,0
234KP-HG,S13d,0
234KP-HG,S13e,0
234KP-HG,S13f,0
242KP-HG,A1a,0
242KP-HG,A1b,0
242KP-HG,A1c,0
242KP-HG,A1d,0
242KP-HG,A1e,0
242KP-HG,A1f,0
242KP-HG,A1g,0
242KP-HG,A1h,0
242KP-HG,A1i,0
242KP-HG,A1j,0
242KP-HG,A1k,0
242KP-HG,A1l,0
242KP-HG,A1m,0
242KP-HG,A1n,0
242KP-HG,A1o,0
242KP-HG,A1p,0
242KP-HG,A1q,0
242KP-HG,A1r,0
242KP-HG,A2a_b,0
242KP-HG,A2a,0
242KP-HG,A2b,0
242KP-HG,A3a,0
242KP-HG,A3b,0
242KP-HG,A3c,0
242KP-HG,A3d,0
242KP-HG,D7a,0
242KP-HG,D7b,0
242KP-HG,D7c,0
242KP-HG,M5a,0
242KP-HG,M5b,0
242KP-HG,M12a,0
242KP-HG,P4a,0
242KP-HG,P4b,0
242KP-HG,S6a,0
242KP-HG,S8a,0
242KP-HG,S8b,0
242KP-HG,S8c,0
242KP-HG,S9a,0
242KP-HG,S10a,0
242KP-HG,S11a,0
242KP-HG,S13a,0
242KP-HG,S13b,0
242KP-HG,S13c,0
242KP-HG,S13d,0
242KP-HG,S13e,0
242KP-HG,S13f,0
255KP-HG,A1a,0
255KP-HG,A1b,0
255KP-HG,A1c,0
255KP-HG,A1d,0
255KP-HG,A1e,0
255KP-HG,A1f,0
255KP-HG,A1g,0
255KP-HG,A1h,0
255KP-HG,A1i,0
255KP-HG,A1j,0
255KP-HG,A1k,1
255KP-HG,A1l,1
255KP-HG,A1m,1
255KP-HG,A1n,1
255KP-HG,A1o,1
255KP-HG,A1p,1
255KP-HG,A1q,1
255KP-HG,A1r,1
255KP-HG,A2a_b,0
255KP-HG,A2a,0
255KP-HG,A2b,0
255KP-HG,A3a,0
255KP-HG,A3b,0
255KP-HG,A3c,0
255KP-HG,A3d,0
255KP-HG,D7a,0
255KP-HG,D7b,0
255KP-HG,D7c,0
255KP-HG,M5a,0
255KP-HG,M5b,1
255KP-HG,M12a,0
255KP-HG,P4a,0
255KP-HG,P4b,0
255KP-HG,S6a,0
255KP-HG,S8a,0
255KP-HG,S8b,0
255KP-HG,S8c,0
255KP-HG,S9a,0
255KP-HG,S10a,0
255KP-HG,S11a,0
255KP-HG,S13a,0
255KP-HG,S13b,0
255KP-HG,S13c,0
255KP-HG,S13d,0
255KP-HG,S13e,0
255KP-HG,S13f,0
268KP-HG,A1a,0
268KP-HG,A1b,0
268KP-HG,A1c,0
268KP-HG,A1d,0
268KP-HG,A1e,0
268KP-HG,A1f,0
268KP-HG,A1g,0
268KP-HG,A1h,0
268KP-HG,A1i,0
268KP-HG,A1j,0
268KP-HG,A1k,0
268KP-HG,A1l,0
268KP-HG,A1m,0
268KP-HG,A1n,0
268KP-HG,A1o,0
268KP-HG,A1p,0
268KP-HG,A1q,0
268KP-HG,A1r,0
268KP-HG,A2a_b,0
268KP-HG,A2a,0
268KP-HG,A2b,0
268KP-HG,A3a,0
268KP-HG,A3b,0
268KP-HG,A3c,0
268KP-HG,A3d,0
268KP-HG,D7a,0
268KP-HG,D7b,0
268KP-HG,D7c,0
268KP-HG,M5a,0
268KP-HG,M5b,0
268KP-HG,M12a,0
268KP-HG,P4a,0
268KP-HG,P4b,0
268KP-HG,S6a,0
268KP-HG,S8a,0
268KP-HG,S8b,0
268KP-HG,S8c,0
268KP-HG,S9a,0
268KP-HG,S10a,0
268KP-HG,S11a,0
268KP-HG,S13a,0
268KP-HG,S13b,0
268KP-HG,S13c,0
268KP-HG,S13d,0
268KP-HG,S13e,0
268KP-HG,S13f,0
48KP-HG,A1a,0
48KP-HG,A1b,0
48KP-HG,A1c,0
48KP-HG,A1d,0
48KP-HG,A1e,0
48KP-HG,A1f,0
48KP-HG,A1g,0
48KP-HG,A1h,0
48KP-HG,A1i,0
48KP-HG,A1j,0
48KP-HG,A1k,0
48KP-HG,A1l,0
48KP-HG,A1m,0
48KP-HG,A1n,0
48KP-HG,A1o,0
48KP-HG,A1p,0
48KP-HG,A1q,0
48KP-HG,A1r,0
48KP-HG,A2a_b,0
48KP-HG,A2a,0
48KP-HG,A2b,0
48KP-HG,A3a,0
48KP-HG,A3b,0
48KP-HG,A3c,0
48KP-HG,A3d,0
48KP-HG,D7a,0
48KP-HG,D7b,0
48KP-HG,D7c,0
48KP-HG,M5a,0
48KP-HG,M5b,0
48KP-HG,M12a,0
48KP-HG,P4a,0
48KP-HG,P4b,0
48KP-HG,S6a,0
48KP-HG,S8a,0
48KP-HG,S8b,0
48KP-HG,S8c,0
48KP-HG,S9a,0
48KP-HG,S10a,0
48KP-HG,S11a,0
48KP-HG,S13a,0
48KP-HG,S13b,0
48KP-HG,S13c,0
48KP-HG,S13d,0
48KP-HG,S13e,0
48KP-HG,S13f,0
HGV2_297,A1a,0
HGV2_297,A1b,0
HGV2_297,A1c,0
HGV2_297,A1d,0
HGV2_297,A1e,0
HGV2_297,A1f,0
HGV2_297,A1g,0
HGV2_297,A1h,0
HGV2_297,A1i,0
HGV2_297,A1j,0
HGV2_297,A1k,0
HGV2_297,A1l,0
HGV2_297,A1m,0
HGV2_297,A1n,0
HGV2_297,A1o,0
HGV2_297,A1p,0
HGV2_297,A1q,0
HGV2_297,A1r,0
HGV2_297,A2a_b,0
HGV2_297,A2a,0
HGV2_297,A2b,0
HGV2_297,A3a,0
HGV2_297,A3b,0
HGV2_297,A3c,0
HGV2_297,A3d,0
HGV2_297,D7a,0
HGV2_297,D7b,0
HGV2_297,D7c,0
HGV2_297,M5a,0
HGV2_297,M5b,0
HGV2_297,M12a,0
HGV2_297,P4a,0
HGV2_297,P4b,0
HGV2_297,S6a,0
HGV2_297,S8a,0
HGV2_297,S8b,0
HGV2_297,S8c,0
HGV2_297,S9a,0
HGV2_297,S10a,0
HGV2_297,S11a,0
HGV2_297,S13a,0
HGV2_297,S13b,0
HGV2_297,S13c,0
HGV2_297,S13d,0
HGV2_297,S13e,0
HGV2_297,S13f,0
33KP-HG,A1a,0
33KP-HG,A1b,0
33KP-HG,A1c,0
33KP-HG,A1d,0
33KP-HG,A1e,0
33KP-HG,A1f,0
33KP-HG,A1g,0
33KP-HG,A1h,0
33KP-HG,A1i,0
33KP-HG,A1j,0
33KP-HG,A1k,0
33KP-HG,A1l,0
33KP-HG,A1m,0
33KP-HG,A1n,0
33KP-HG,A1o,0
33KP-HG,A1p,0
33KP-HG,A1q,0
33KP-HG,A1r,0
33KP-HG,A2a_b,0
33KP-HG,A2a,0
33KP-HG,A2b,0
33KP-HG,A3a,0
33KP-HG,A3b,0
33KP-HG,A3c,0
33KP-HG,A3d,0
33KP-HG,D7a,0
33KP-HG,D7b,0
33KP-HG,D7c,0
33KP-HG,M5a,0
33KP-HG,M5b,0
33KP-HG,M12a,0
33KP-HG,P4a,0
33KP-HG,P4b,0
33KP-HG,S6a,0
33KP-HG,S8a,0
33KP-HG,S8b,0
33KP-HG,S8c,0
33KP-HG,S9a,0
33KP-HG,S10a,0
33KP-HG,S11a,0
33KP-HG,S13a,0
33KP-HG,S13b,0
33KP-HG,S13c,0
33KP-HG,S13d,0
33KP-HG,S13e,0
33KP-HG,S13f,0
HGV2_332,A1a,0
HGV2_332,A1b,0
HGV2_332,A1c,0
HGV2_332,A1d,0
HGV2_332,A1e,0
HGV2_332,A1f,0
HGV2_332,A1g,0
HGV2_332,A1h,1
HGV2_332,A1i,0
HGV2_332,A1j,0
HGV2_332,A1k,0
HGV2_332,A1l,0
HGV2_332,A1m,0
HGV2_332,A1n,0
HGV2_332,A1o,0
HGV2_332,A1p,0
HGV2_332,A1q,0
HGV2_332,A1r,0
HGV2_332,A2a_b,0
HGV2_332,A2a,0
HGV2_332,A2b,0
HGV2_332,A3a,0
HGV2_332,A3b,0
HGV2_332,A3c,0
HGV2_332,A3d,0
HGV2_332,D7a,0
HGV2_332,D7b,0
HGV2_332,D7c,0
HGV2_332,M5a,0
HGV2_332,M5b,0
HGV2_332,M12a,0
HGV2_332,P4a,0
HGV2_332,P4b,0
HGV2_332,S6a,0
HGV2_332,S8a,0
HGV2_332,S8b,0
HGV2_332,S8c,0
HGV2_332,S9a,0
HGV2_332,S10a,0
HGV2_332,S11a,0
HGV2_332,S13a,0
HGV2_332,S13b,0
HGV2_332,S13c,0
HGV2_332,S13d,0
HGV2_332,S13e,0
HGV2_332,S13f,0
34KP-HG,A1a,0
34KP-HG,A1b,0
34KP-HG,A1c,0
34KP-HG,A1d,0
34KP-HG,A1e,0
34KP-HG,A1f,0
34KP-HG,A1g,0
34KP-HG,A1h,0
34KP-HG,A1i,0
34KP-HG,A1j,0
34KP-HG,A1k,0
34KP-HG,A1l,0
34KP-HG,A1m,0
34KP-HG,A1n,0
34KP-HG,A1o,0
34KP-HG,A1p,0
34KP-HG,A1q,0
34KP-HG,A1r,0
34KP-HG,A2a_b,0
34KP-HG,A2a,0
34KP-HG,A2b,0
34KP-HG,A3a,0
34KP-HG,A3b,0
34KP-HG,A3c,0
34KP-HG,A3d,0
34KP-HG,D7a,0
34KP-HG,D7b,0
34KP-HG,D7c,0
34KP-HG,M5a,0
34KP-HG,M5b,0
34KP-HG,M12a,0
34KP-HG,P4a,0
34KP-HG,P4b,0
34KP-HG,S6a,0
34KP-HG,S8a,0
34KP-HG,S8b,0
34KP-HG,S8c,0
34KP-HG,S9a,0
34KP-HG,S10a,0
34KP-HG,S11a,0
34KP-HG,S13a,0
34KP-HG,S13b,0
34KP-HG,S13c,0
34KP-HG,S13d,0
34KP-HG,S13e,0
34KP-HG,S13f,0
HGV2_341,A1a,0
HGV2_341,A1b,0
HGV2_341,A1c,0
HGV2_341,A1d,0
HGV2_341,A1e,0
HGV2_341,A1f,0
HGV2_341,A1g,0
HGV2_341,A1h,1
HGV2_341,A1i,0
HGV2_341,A1j,0
HGV2_341,A1k,0
HGV2_341,A1l,0
HGV2_341,A1m,0
HGV2_341,A1n,0
HGV2_341,A1o,0
HGV2_341,A1p,0
HGV2_341,A1q,0
HGV2_341,A1r,0
HGV2_341,A2a_b,0
HGV2_341,A2a,0
HGV2_341,A2b,0
HGV2_341,A3a,0
HGV2_341,A3b,0
HGV2_341,A3c,0
HGV2_341,A3d,0
HGV2_341,D7a,0
HGV2_341,D7b,0
HGV2_341,D7c,0
HGV2_341,M5a,0
HGV2_341,M5b,0
HGV2_341,M12a,0
HGV2_341,P4a,0
HGV2_341,P4b,0
HGV2_341,S6a,0
HGV2_341,S8a,0
HGV2_341,S8b,0
HGV2_341,S8c,0
HGV2_341,S9a,0
HGV2_341,S10a,0
HGV2_341,S11a,0
HGV2_341,S13a,0
HGV2_341,S13b,0
HGV2_341,S13c,0
HGV2_341,S13d,0
HGV2_341,S13e,0
HGV2_341,S13f,0
HGV2_370,A1a,0
HGV2_370,A1b,0
HGV2_370,A1c,0
HGV2_370,A1d,0
HGV2_370,A1e,0
HGV2_370,A1f,0
HGV2_370,A1g,0
HGV2_370,A1h,1
HGV2_370,A1i,0
HGV2_370,A1j,0
HGV2_370,A1k,0
HGV2_370,A1l,0
HGV2_370,A1m,0
HGV2_370,A1n,0
HGV2_370,A1o,0
HGV2_370,A1p,0
HGV2_370,A1q,0
HGV2_370,A1r,0
HGV2_370,A2a_b,0
HGV2_370,A2a,0
HGV2_370,A2b,0
HGV2_370,A3a,0
HGV2_370,A3b,0
HGV2_370,A3c,0
HGV2_370,A3d,0
HGV2_370,D7a,0
HGV2_370,D7b,0
HGV2_370,D7c,0
HGV2_370,M5a,0
HGV2_370,M5b,0
HGV2_370,M12a,0
HGV2_370,P4a,0
HGV2_370,P4b,0
HGV2_370,S6a,0
HGV2_370,S8a,0
HGV2_370,S8b,0
HGV2_370,S8c,1
HGV2_370,S9a,0
HGV2_370,S10a,0
HGV2_370,S11a,0
HGV2_370,S13a,0
HGV2_370,S13b,0
HGV2_370,S13c,0
HGV2_370,S13d,0
HGV2_370,S13e,0
HGV2_370,S13f,0
HGV2_371,A1a,0
HGV2_371,A1b,0
HGV2_371,A1c,0
HGV2_371,A1d,0
HGV2_371,A1e,0
HGV2_371,A1f,0
HGV2_371,A1g,1
HGV2_371,A1h,0
HGV2_371,A1i,0
HGV2_371,A1j,0
HGV2_371,A1k,0
HGV2_371,A1l,0
HGV2_371,A1m,0
HGV2_371,A1n,0
HGV2_371,A1o,0
HGV2_371,A1p,0
HGV2_371,A1q,0
HGV2_371,A1r,0
HGV2_371,A2a_b,0
HGV2_371,A2a,0
HGV2_371,A2b,0
HGV2_371,A3a,0
HGV2_371,A3b,0
HGV2_371,A3c,0
HGV2_371,A3d,0
HGV2_371,D7a,0
HGV2_371,D7b,0
HGV2_371,D7c,0
HGV2_371,M5a,0
HGV2_371,M5b,0
HGV2_371,M12a,0
HGV2_371,P4a,0
HGV2_371,P4b,0
HGV2_371,S6a,0
HGV2_371,S8a,0
HGV2_371,S8b,0
HGV2_371,S8c,0
HGV2_371,S9a,0
HGV2_371,S10a,0
HGV2_371,S11a,0
HGV2_371,S13a,0
HGV2_371,S13b,0
HGV2_371,S13c,0
HGV2_371,S13d,0
HGV2_371,S13e,0
HGV2_371,S13f,0
HGV2_379,A1a,0
HGV2_379,A1b,0
HGV2_379,A1c,0
HGV2_379,A1d,0
HGV2_379,A1e,0
HGV2_379,A1f,0
HGV2_379,A1g,0
HGV2_379,A1h,0
HGV2_379,A1i,0
HGV2_379,A1j,0
HGV2_379,A1k,0
HGV2_379,A1l,0
HGV2_379,A1m,0
HGV2_379,A1n,0
HGV2_379,A1o,0
HGV2_379,A1p,0
HGV2_379,A1q,0
HGV2_379,A1r,0
HGV2_379,A2a_b,0
HGV2_379,A2a,0
HGV2_379,A2b,0
HGV2_379,A3a,0
HGV2_379,A3b,0
HGV2_379,A3c,0
HGV2_379,A3d,0
HGV2_379,D7a,0
HGV2_379,D7b,0
HGV2_379,D7c,0
HGV2_379,M5a,0
HGV2_379,M5b,0
HGV2_379,M12a,0
HGV2_379,P4a,0
HGV2_379,P4b,0
HGV2_379,S6a,0
HGV2_379,S8a,0
HGV2_379,S8b,0
HGV2_379,S8c,0
HGV2_379,S9a,0
HGV2_379,S10a,0
HGV2_379,S11a,0
HGV2_379,S13a,0
HGV2_379,S13b,0
HGV2_379,S13c,0
HGV2_379,S13d,0
HGV2_379,S13e,0
HGV2_379,S13f,0
HGV2_398,A1a,0
HGV2_398,A1b,0
HGV2_398,A1c,0
HGV2_398,A1d,0
HGV2_398,A1e,0
HGV2_398,A1f,0
HGV2_398,A1g,0
HGV2_398,A1h,0
HGV2_398,A1i,0
HGV2_398,A1j,0
HGV2_398,A1k,0
HGV2_398,A1l,0
HGV2_398,A1m,0
HGV2_398,A1n,0
HGV2_398,A1o,0
HGV2_398,A1p,0
HGV2_398,A1q,0
HGV2_398,A1r,0
HGV2_398,A2a_b,0
HGV2_398,A2a,0
HGV2_398,A2b,0
HGV2_398,A3a,0
HGV2_398,A3b,0
HGV2_398,A3c,0
HGV2_398,A3d,0
HGV2_398,D7a,0
HGV2_398,D7b,0
HGV2_398,D7c,0
HGV2_398,M5a,0
HGV2_398,M5b,0
HGV2_398,M12a,0
HGV2_398,P4a,0
HGV2_398,P4b,0
HGV2_398,S6a,0
HGV2_398,S8a,0
HGV2_398,S8b,0
HGV2_398,S8c,0
HGV2_398,S9a,0
HGV2_398,S10a,0
HGV2_398,S11a,0
HGV2_398,S13a,0
HGV2_398,S13b,0
HGV2_398,S13c,0
HGV2_398,S13d,0
HGV2_398,S13e,0
HGV2_398,S13f,0
HGV2_400,A1a,0
HGV2_400,A1b,0
HGV2_400,A1c,0
HGV2_400,A1d,0
HGV2_400,A1e,0
HGV2_400,A1f,0
HGV2_400,A1g,0
HGV2_400,A1h,1
HGV2_400,A1i,0
HGV2_400,A1j,0
HGV2_400,A1k,0
HGV2_400,A1l,0
HGV2_400,A1m,0
HGV2_400,A1n,0
HGV2_400,A1o,0
HGV2_400,A1p,0
HGV2_400,A1q,0
HGV2_400,A1r,0
HGV2_400,A2a_b,0
HGV2_400,A2a,0
HGV2_400,A2b,0
HGV2_400,A3a,0
HGV2_400,A3b,0
HGV2_400,A3c,0
HGV2_400,A3d,0
HGV2_400,D7a,0
HGV2_400,D7b,0
HGV2_400,D7c,0
HGV2_400,M5a,0
HGV2_400,M5b,0
HGV2_400,M12a,0
HGV2_400,P4a,0
HGV2_400,P4b,0
HGV2_400,S6a,0
HGV2_400,S8a,0
HGV2_400,S8b,0
HGV2_400,S8c,0
HGV2_400,S9a,0
HGV2_400,S10a,0
HGV2_400,S11a,0
HGV2_400,S13a,0
HGV2_400,S13b,0
HGV2_400,S13c,0
HGV2_400,S13d,0
HGV2_400,S13e,0
HGV2_400,S13f,0
HGV2_418,A1a,0
HGV2_418,A1b,0
HGV2_418,A1c,0
HGV2_418,A1d,0
HGV2_418,A1e,0
HGV2_418,A1f,0
HGV2_418,A1g,0
HGV2_418,A1h,0
HGV2_418,A1i,0
HGV2_418,A1j,0
HGV2_418,A1k,0
HGV2_418,A1l,0
HGV2_418,A1m,0
HGV2_418,A1n,0
HGV2_418,A1o,0
HGV2_418,A1p,0
HGV2_418,A1q,0
HGV2_418,A1r,0
HGV2_418,A2a_b,0
HGV2_418,A2a,0
HGV2_418,A2b,0
HGV2_418,A3a,0
HGV2_418,A3b,0
HGV2_418,A3c,0
HGV2_418,A3d,0
HGV2_418,D7a,0
HGV2_418,D7b,0
HGV2_418,D7c,0
HGV2_418,M5a,0
HGV2_418,M5b,0
HGV2_418,M12a,0
HGV2_418,P4a,0
HGV2_418,P4b,0
HGV2_418,S6a,0
HGV2_418,S8a,0
HGV2_418,S8b,0
HGV2_418,S8c,0
HGV2_418,S9a,1
HGV2_418,S10a,0
HGV2_418,S11a,0
HGV2_418,S13a,1
HGV2_418,S13b,0
HGV2_418,S13c,1
HGV2_418,S13d,0
HGV2_418,S13e,0
HGV2_418,S13f,0
HGV2_429,A1a,0
HGV2_429,A1b,0
HGV2_429,A1c,0
HGV2_429,A1d,0
HGV2_429,A1e,0
HGV2_429,A1f,0
HGV2_429,A1g,0
HGV2_429,A1h,0
HGV2_429,A1i,0
HGV2_429,A1j,0
HGV2_429,A1k,0
HGV2_429,A1l,0
HGV2_429,A1m,0
HGV2_429,A1n,0
HGV2_429,A1o,0
HGV2_429,A1p,0
HGV2_429,A1q,0
HGV2_429,A1r,0
HGV2_429,A2a_b,0
HGV2_429,A2a,0
HGV2_429,A2b,0
HGV2_429,A3a,0
HGV2_429,A3b,0
HGV2_429,A3c,0
HGV2_429,A3d,0
HGV2_429,D7a,0
HGV2_429,D7b,0
HGV2_429,D7c,0
HGV2_429,M5a,0
HGV2_429,M5b,0
HGV2_429,M12a,0
HGV2_429,P4a,0
HGV2_429,P4b,0
HGV2_429,S6a,0
HGV2_429,S8a,0
HGV2_429,S8b,1
HGV2_429,S8c,0
HGV2_429,S9a,0
HGV2_429,S10a,0
HGV2_429,S11a,0
HGV2_429,S13a,0
HGV2_429,S13b,0
HGV2_429,S13c,0
HGV2_429,S13d,0
HGV2_429,S13e,0
HGV2_429,S13f,0
HGV2_430,A1a,0
HGV2_430,A1b,0
HGV2_430,A1c,0
HGV2_430,A1d,0
HGV2_430,A1e,0
HGV2_430,A1f,0
HGV2_430,A1g,0
HGV2_430,A1h,0
HGV2_430,A1i,0
HGV2_430,A1j,0
HGV2_430,A1k,0
HGV2_430,A1l,0
HGV2_430,A1m,0
HGV2_430,A1n,0
HGV2_430,A1o,0
HGV2_430,A1p,0
HGV2_430,A1q,0
HGV2_430,A1r,0
HGV2_430,A2a_b,0
HGV2_430,A2a,0
HGV2_430,A2b,0
HGV2_430,A3a,0
HGV2_430,A3b,0
HGV2_430,A3c,0
HGV2_430,A3d,0
HGV2_430,D7a,0
HGV2_430,D7b,0
HGV2_430,D7c,0
HGV2_430,M5a,1
HGV2_430,M5b,0
HGV2_430,M12a,0
HGV2_430,P4a,0
HGV2_430,P4b,0
HGV2_430,S6a,0
HGV2_430,S8a,0
HGV2_430,S8b,0
HGV2_430,S8c,0
HGV2_430,S9a,0
HGV2_430,S10a,0
HGV2_430,S11a,0
HGV2_430,S13a,0
HGV2_430,S13b,0
HGV2_430,S13c,0
HGV2_430,S13d,0
HGV2_430,S13e,0
HGV2_430,S13f,0
HGV2_431,A1a,0
HGV2_431,A1b,0
HGV2_431,A1c,0
HGV2_431,A1d,0
HGV2_431,A1e,0
HGV2_431,A1f,0
HGV2_431,A1g,0
HGV2_431,A1h,0
HGV2_431,A1i,0
HGV2_431,A1j,0
HGV2_431,A1k,0
HGV2_431,A1l,0
HGV2_431,A1m,0
HGV2_431,A1n,0
HGV2_431,A1o,0
HGV2_431,A1p,0
HGV2_431,A1q,0
HGV2_431,A1r,0
HGV2_431,A2a_b,0
HGV2_431,A2a,0
HGV2_431,A2b,0
HGV2_431,A3a,0
HGV2_431,A3b,0
HGV2_431,A3c,0
HGV2_431,A3d,0
HGV2_431,D7a,0
HGV2_431,D7b,0
HGV2_431,D7c,0
HGV2_431,M5a,0
HGV2_431,M5b,0
HGV2_431,M12a,0
HGV2_431,P4a,0
HGV2_431,P4b,0
HGV2_431,S6a,0
HGV2_431,S8a,0
HGV2_431,S8b,0
HGV2_431,S8c,0
HGV2_431,S9a,0
HGV2_431,S10a,0
HGV2_431,S11a,0
HGV2_431,S13a,0
HGV2_431,S13b,0
HGV2_431,S13c,0
HGV2_431,S13d,0
HGV2_431,S13e,0
HGV2_431,S13f,0
52KP-HG,A1a,0
52KP-HG,A1b,0
52KP-HG,A1c,0
52KP-HG,A1d,0
52KP-HG,A1e,0
52KP-HG,A1f,0
52KP-HG,A1g,0
52KP-HG,A1h,0
52KP-HG,A1i,0
52KP-HG,A1j,0
52KP-HG,A1k,0
52KP-HG,A1l,0
52KP-HG,A1m,0
52KP-HG,A1n,0
52KP-HG,A1o,0
52KP-HG,A1p,0
52KP-HG,A1q,0
52KP-HG,A1r,0
52KP-HG,A2a_b,0
52KP-HG,A2a,0
52KP-HG,A2b,0
52KP-HG,A3a,0
52KP-HG,A3b,0
52KP-HG,A3c,0
52KP-HG,A3d,0
52KP-HG,D7a,0
52KP-HG,D7b,0
52KP-HG,D7c,0
52KP-HG,M5a,0
52KP-HG,M5b,0
52KP-HG,M12a,0
52KP-HG,P4a,0
52KP-HG,P4b,0
52KP-HG,S6a,0
52KP-HG,S8a,0
52KP-HG,S8b,0
52KP-HG,S8c,0
52KP-HG,S9a,0
52KP-HG,S10a,0
52KP-HG,S11a,0
52KP-HG,S13a,0
52KP-HG,S13b,0
52KP-HG,S13c,0
52KP-HG,S13d,0
52KP-HG,S13e,0
52KP-HG,S13f,0
62KP-HG,A1a,0
62KP-HG,A1b,0
62KP-HG,A1c,0
62KP-HG,A1d,0
62KP-HG,A1e,0
62KP-HG,A1f,0
62KP-HG,A1g,0
62KP-HG,A1h,0
62KP-HG,A1i,0
62KP-HG,A1j,0
62KP-HG,A1k,0
62KP-HG,A1l,0
62KP-HG,A1m,0
62KP-HG,A1n,0
62KP-HG,A1o,0
62KP-HG,A1p,0
62KP-HG,A1q,0
62KP-HG,A1r,0
62KP-HG,A2a_b,0
62KP-HG,A2a,0
62KP-HG,A2b,0
62KP-HG,A3a,0
62KP-HG,A3b,0
62KP-HG,A3c,0
62KP-HG,A3d,0
62KP-HG,D7a,0
62KP-HG,D7b,0
62KP-HG,D7c,0
62KP-HG,M5a,0
62KP-HG,M5b,0
62KP-HG,M12a,0
62KP-HG,P4a,0
62KP-HG,P4b,0
62KP-HG,S6a,0
62KP-HG,S8a,0
62KP-HG,S8b,0
62KP-HG,S8c,0
62KP-HG,S9a,0
62KP-HG,S10a,0
62KP-HG,S11a,0
62KP-HG,S13a,0
62KP-HG,S13b,0
62KP-HG,S13c,0
62KP-HG,S13d,0
62KP-HG,S13e,0
62KP-HG,S13f,0
Moliner_03,A1a,0
Moliner_03,A1b,0
Moliner_03,A1c,0
Moliner_03,A1d,0
Moliner_03,A1e,0
Moliner_03,A1f,0
Moliner_03,A1g,0
Moliner_03,A1h,0
Moliner_03,A1i,0
Moliner_03,A1j,0
Moliner_03,A1k,0
Moliner_03,A1l,0
Moliner_03,A1m,0
Moliner_03,A1n,0
Moliner_03,A1o,0
Moliner_03,A1p,0
Moliner_03,A1q,0
Moliner_03,A1r,0
Moliner_03,A2a_b,0
Moliner_03,A2a,0
Moliner_03,A2b,0
Moliner_03,A3a,0
Moliner_03,A3b,0
Moliner_03,A3c,0
Moliner_03,A3d,0
Moliner_03,D7a,0
Moliner_03,D7b,0
Moliner_03,D7c,0
Moliner_03,M5a,0
Moliner_03,M5b,0
Moliner_03,M12a,0
Moliner_03,P4a,0
Moliner_03,P4b,0
Moliner_03,S6a,0
Moliner_03,S8a,0
Moliner_03,S8b,0
Moliner_03,S8c,0
Moliner_03,S9a,0
Moliner_03,S10a,0
Moliner_03,S11a,0
Moliner_03,S13a,0
Moliner_03,S13b,0
Moliner_03,S13c,0
Moliner_03,S13d,0
Moliner_03,S13e,0
Moliner_03,S13f,0
Moliner_08,A1a,0
Moliner_08,A1b,0
Moliner_08,A1c,0
Moliner_08,A1d,0
Moliner_08,A1e,0
Moliner_08,A1f,0
Moliner_08,A1g,0
Moliner_08,A1h,1
Moliner_08,A1i,0
Moliner_08,A1j,0
Moliner_08,A1k,0
Moliner_08,A1l,0
Moliner_08,A1m,0
Moliner_08,A1n,0
Moliner_08,A1o,0
Moliner_08,A1p,0
Moliner_08,A1q,0
Moliner_08,A1r,0
Moliner_08,A2a_b,0
Moliner_08,A2a,0
Moliner_08,A2b,0
Moliner_08,A3a,0
Moliner_08,A3b,0
Moliner_08,A3c,0
Moliner_08,A3d,0
Moliner_08,D7a,0
Moliner_08,D7b,0
Moliner_08,D7c,0
Moliner_08,M5a,0
Moliner_08,M5b,0
Moliner_08,M12a,0
Moliner_08,P4a,0
Moliner_08,P4b,0
Moliner_08,S6a,0
Moliner_08,S8a,0
Moliner_08,S8b,0
Moliner_08,S8c,0
Moliner_08,S9a,0
Moliner_08,S10a,0
Moliner_08,S11a,0
Moliner_08,S13a,0
Moliner_08,S13b,0
Moliner_08,S13c,0
Moliner_08,S13d,0
Moliner_08,S13e,0
Moliner_08,S13f,0
Moliner_02,A1a,0
Moliner_02,A1b,0
Moliner_02,A1c,0
Moliner_02,A1d,0
Moliner_02,A1e,0
Moliner_02,A1f,0
Moliner_02,A1g,0
Moliner_02,A1h,1
Moliner_02,A1i,0
Moliner_02,A1j,0
Moliner_02,A1k,0
Moliner_02,A1l,0
Moliner_02,A1m,0
Moliner_02,A1n,0
Moliner_02,A1o,0
Moliner_02,A1p,0
Moliner_02,A1q,0
Moliner_02,A1r,0
Moliner_02,A2a_b,0
Moliner_02,A2a,0
Moliner_02,A2b,0
Moliner_02,A3a,0
Moliner_02,A3b,0
Moliner_02,A3c,0
Moliner_02,A3d,0
Moliner_02,D7a,0
Moliner_02,D7b,0
Moliner_02,D7c,0
Moliner_02,M5a,0
Moliner_02,M5b,0
Moliner_02,M12a,0
Moliner_02,P4a,0
Moliner_02,P4b,0
Moliner_02,S6a,0
Moliner_02,S8a,0
Moliner_02,S8b,0
Moliner_02,S8c,0
Moliner_02,S9a,0
Moliner_02,S10a,0
Moliner_02,S11a,0
Moliner_02,S13a,0
Moliner_02,S13b,0
Moliner_02,S13c,0
Moliner_02,S13d,0
Moliner_02,S13e,0
Moliner_02,S13f,0
NTUH,A1a,0
NTUH,A1b,0
NTUH,A1c,1
NTUH,A1d,0
NTUH,A1e,0
NTUH,A1f,0
NTUH,A1g,0
NTUH,A1h,0
NTUH,A1i,0
NTUH,A1j,0
NTUH,A1k,0
NTUH,A1l,0
NTUH,A1m,0
NTUH,A1n,0
NTUH,A1o,0
NTUH,A1p,0
NTUH,A1q,0
NTUH,A1r,0
NTUH,A2a_b,0
NTUH,A2a,0
NTUH,A2b,0
NTUH,A3a,0
NTUH,A3b,0
NTUH,A3c,0
NTUH,A3d,0
NTUH,D7a,0
NTUH,D7b,0
NTUH,D7c,0
NTUH,M5a,0
NTUH,M5b,0
NTUH,M12a,0
NTUH,P4a,0
NTUH,P4b,0
NTUH,S6a,0
NTUH,S8a,0
NTUH,S8b,0
NTUH,S8c,0
NTUH,S9a,1
NTUH,S10a,0
NTUH,S11a,0
NTUH,S13a,0
NTUH,S13b,0
NTUH,S13c,0
NTUH,S13d,0
NTUH,S13e,0
NTUH,S13f,0
Kpcas111,A1a,0
Kpcas111,A1b,0
Kpcas111,A1c,0
Kpcas111,A1d,0
Kpcas111,A1e,0
Kpcas111,A1f,0
Kpcas111,A1g,0
Kpcas111,A1h,0
Kpcas111,A1i,0
Kpcas111,A1j,0
Kpcas111,A1k,0
Kpcas111,A1l,0
Kpcas111,A1m,0
Kpcas111,A1n,0
Kpcas111,A1o,0
Kpcas111,A1p,0
Kpcas111,A1q,0
Kpcas111,A1r,0
Kpcas111,A2a_b,0
Kpcas111,A2a,0
Kpcas111,A2b,0
Kpcas111,A3a,0
Kpcas111,A3b,0
Kpcas111,A3c,0
Kpcas111,A3d,0
Kpcas111,D7a,0
Kpcas111,D7b,0
Kpcas111,D7c,0
Kpcas111,M5a,0
Kpcas111,M5b,0
Kpcas111,M12a,0
Kpcas111,P4a,0
Kpcas111,P4b,0
Kpcas111,S6a,0
Kpcas111,S8a,0
Kpcas111,S8b,0
Kpcas111,S8c,0
Kpcas111,S9a,0
Kpcas111,S10a,0
Kpcas111,S11a,0
Kpcas111,S13a,0
Kpcas111,S13b,0
Kpcas111,S13c,0
Kpcas111,S13d,0
Kpcas111,S13e,0
Kpcas111,S13f,0
HGV2C_01,A1a,0
HGV2C_01,A1b,0
HGV2C_01,A1c,0
HGV2C_01,A1d,0
HGV2C_01,A1e,0
HGV2C_01,A1f,0
HGV2C_01,A1g,0
HGV2C_01,A1h,0
HGV2C_01,A1i,0
HGV2C_01,A1j,0
HGV2C_01,A1k,0
HGV2C_01,A1l,0
HGV2C_01,A1m,0
HGV2C_01,A1n,0
HGV2C_01,A1o,0
HGV2C_01,A1p,0
HGV2C_01,A1q,0
HGV2C_01,A1r,0
HGV2C_01,A2a_b,0
HGV2C_01,A2a,0
HGV2C_01,A2b,0
HGV2C_01,A3a,0
HGV2C_01,A3b,0
HGV2C_01,A3c,0
HGV2C_01,A3d,0
HGV2C_01,D7a,0
HGV2C_01,D7b,0
HGV2C_01,D7c,0
HGV2C_01,M5a,0
HGV2C_01,M5b,0
HGV2C_01,M12a,0
HGV2C_01,P4a,0
HGV2C_01,P4b,0
HGV2C_01,S6a,0
HGV2C_01,S8a,0
HGV2C_01,S8b,0
HGV2C_01,S8c,0
HGV2C_01,S9a,0
HGV2C_01,S10a,0
HGV2C_01,S11a,0
HGV2C_01,S13a,0
HGV2C_01,S13b,0
HGV2C_01,S13c,0
HGV2C_01,S13d,0
HGV2C_01,S13e,0
HGV2C_01,S13f,0
HGV2C_10,A1a,0
HGV2C_10,A1b,0
HGV2C_10,A1c,0
HGV2C_10,A1d,0
HGV2C_10,A1e,0
HGV2C_10,A1f,0
HGV2C_10,A1g,0
HGV2C_10,A1h,0
HGV2C_10,A1i,0
HGV2C_10,A1j,0
HGV2C_10,A1k,0
HGV2C_10,A1l,0
HGV2C_10,A1m,0
HGV2C_10,A1n,0
HGV2C_10,A1o,0
HGV2C_10,A1p,0
HGV2C_10,A1q,0
HGV2C_10,A1r,0
HGV2C_10,A2a_b,0
HGV2C_10,A2a,0
HGV2C_10,A2b,0
HGV2C_10,A3a,0
HGV2C_10,A3b,0
HGV2C_10,A3c,0
HGV2C_10,A3d,0
HGV2C_10,D7a,0
HGV2C_10,D7b,0
HGV2C_10,D7c,0
HGV2C_10,M5a,0
HGV2C_10,M5b,0
HGV2C_10,M12a,0
HGV2C_10,P4a,0
HGV2C_10,P4b,0
HGV2C_10,S6a,0
HGV2C_10,S8a,0
HGV2C_10,S8b,1
HGV2C_10,S8c,0
HGV2C_10,S9a,0
HGV2C_10,S10a,0
HGV2C_10,S11a,0
HGV2C_10,S13a,0
HGV2C_10,S13b,0
HGV2C_10,S13c,0
HGV2C_10,S13d,0
HGV2C_10,S13e,0
HGV2C_10,S13f,0
HGV2C_11,A1a,0
HGV2C_11,A1b,0
HGV2C_11,A1c,0
HGV2C_11,A1d,0
HGV2C_11,A1e,0
HGV2C_11,A1f,0
HGV2C_11,A1g,0
HGV2C_11,A1h,0
HGV2C_11,A1i,0
HGV2C_11,A1j,0
HGV2C_11,A1k,0
HGV2C_11,A1l,0
HGV2C_11,A1m,0
HGV2C_11,A1n,0
HGV2C_11,A1o,0
HGV2C_11,A1p,0
HGV2C_11,A1q,0
HGV2C_11,A1r,0
HGV2C_11,A2a_b,0
HGV2C_11,A2a,0
HGV2C_11,A2b,0
HGV2C_11,A3a,0
HGV2C_11,A3b,0
HGV2C_11,A3c,0
HGV2C_11,A3d,0
HGV2C_11,D7a,0
HGV2C_11,D7b,1
HGV2C_11,D7c,0
HGV2C_11,M5a,0
HGV2C_11,M5b,0
HGV2C_11,M12a,0
HGV2C_11,P4a,1
HGV2C_11,P4b,1
HGV2C_11,S6a,0
HGV2C_11,S8a,0
HGV2C_11,S8b,0
HGV2C_11,S8c,0
HGV2C_11,S9a,0
HGV2C_11,S10a,0
HGV2C_11,S11a,0
HGV2C_11,S13a,0
HGV2C_11,S13b,0
HGV2C_11,S13c,0
HGV2C_11,S13d,0
HGV2C_11,S13e,0
HGV2C_11,S13f,0
HGV2C_13,A1a,0
HGV2C_13,A1b,0
HGV2C_13,A1c,0
HGV2C_13,A1d,0
HGV2C_13,A1e,0
HGV2C_13,A1f,0
HGV2C_13,A1g,0
HGV2C_13,A1h,0
HGV2C_13,A1i,0
HGV2C_13,A1j,0
HGV2C_13,A1k,0
HGV2C_13,A1l,0
HGV2C_13,A1m,0
HGV2C_13,A1n,0
HGV2C_13,A1o,0
HGV2C_13,A1p,0
HGV2C_13,A1q,0
HGV2C_13,A1r,0
HGV2C_13,A2a_b,0
HGV2C_13,A2a,0
HGV2C_13,A2b,0
HGV2C_13,A3a,0
HGV2C_13,A3b,0
HGV2C_13,A3c,0
HGV2C_13,A3d,0
HGV2C_13,D7a,0
HGV2C_13,D7b,1
HGV2C_13,D7c,0
HGV2C_13,M5a,0
HGV2C_13,M5b,0
HGV2C_13,M12a,0
HGV2C_13,P4a,1
HGV2C_13,P4b,1
HGV2C_13,S6a,0
HGV2C_13,S8a,0
HGV2C_13,S8b,0
HGV2C_13,S8c,0
HGV2C_13,S9a,0
HGV2C_13,S10a,0
HGV2C_13,S11a,0
HGV2C_13,S13a,0
HGV2C_13,S13b,0
HGV2C_13,S13c,0
HGV2C_13,S13d,0
HGV2C_13,S13e,0
HGV2C_13,S13f,0
HGV2C_14,A1a,0
HGV2C_14,A1b,1
HGV2C_14,A1c,0
HGV2C_14,A1d,0
HGV2C_14,A1e,0
HGV2C_14,A1f,0
HGV2C_14,A1g,0
HGV2C_14,A1h,0
HGV2C_14,A1i,0
HGV2C_14,A1j,0
HGV2C_14,A1k,0
HGV2C_14,A1l,0
HGV2C_14,A1m,0
HGV2C_14,A1n,0
HGV2C_14,A1o,0
HGV2C_14,A1p,0
HGV2C_14,A1q,0
HGV2C_14,A1r,0
HGV2C_14,A2a_b,0
HGV2C_14,A2a,0
HGV2C_14,A2b,0
HGV2C_14,A3a,0
HGV2C_14,A3b,0
HGV2C_14,A3c,0
HGV2C_14,A3d,0
HGV2C_14,D7a,0
HGV2C_14,D7b,0
HGV2C_14,D7c,0
HGV2C_14,M5a,0
HGV2C_14,M5b,0
HGV2C_14,M12a,0
HGV2C_14,P4a,0
HGV2C_14,P4b,0
HGV2C_14,S6a,0
HGV2C_14,S8a,0
HGV2C_14,S8b,0
HGV2C_14,S8c,0
HGV2C_14,S9a,0
HGV2C_14,S10a,0
HGV2C_14,S11a,0
HGV2C_14,S13a,0
HGV2C_14,S13b,0
HGV2C_14,S13c,0
HGV2C_14,S13d,0
HGV2C_14,S13e,0
HGV2C_14,S13f,0
HGV2C_16,A1a,0
HGV2C_16,A1b,0
HGV2C_16,A1c,0
HGV2C_16,A1d,0
HGV2C_16,A1e,0
HGV2C_16,A1f,0
HGV2C_16,A1g,0
HGV2C_16,A1h,0
HGV2C_16,A1i,0
HGV2C_16,A1j,0
HGV2C_16,A1k,0
HGV2C_16,A1l,0
HGV2C_16,A1m,0
HGV2C_16,A1n,0
HGV2C_16,A1o,0
HGV2C_16,A1p,0
HGV2C_16,A1q,0
HGV2C_16,A1r,0
HGV2C_16,A2a_b,0
HGV2C_16,A2a,0
HGV2C_16,A2b,0
HGV2C_16,A3a,0
HGV2C_16,A3b,0
HGV2C_16,A3c,0
HGV2C_16,A3d,0
HGV2C_16,D7a,0
HGV2C_16,D7b,0
HGV2C_16,D7c,0
HGV2C_16,M5a,0
HGV2C_16,M5b,0
HGV2C_16,M12a,0
HGV2C_16,P4a,0
HGV2C_16,P4b,0
HGV2C_16,S6a,0
HGV2C_16,S8a,0
HGV2C_16,S8b,0
HGV2C_16,S8c,0
HGV2C_16,S9a,0
HGV2C_16,S10a,0
HGV2C_16,S11a,0
HGV2C_16,S13a,0
HGV2C_16,S13b,0
HGV2C_16,S13c,0
HGV2C_16,S13d,0
HGV2C_16,S13e,0
HGV2C_16,S13f,0
HGV2C_17,A1a,0
HGV2C_17,A1b,0
HGV2C_17,A1c,0
HGV2C_17,A1d,0
HGV2C_17,A1e,0
HGV2C_17,A1f,0
HGV2C_17,A1g,0
HGV2C_17,A1h,0
HGV2C_17,A1i,0
HGV2C_17,A1j,0
HGV2C_17,A1k,0
HGV2C_17,A1l,0
HGV2C_17,A1m,0
HGV2C_17,A1n,0
HGV2C_17,A1o,0
HGV2C_17,A1p,0
HGV2C_17,A1q,0
HGV2C_17,A1r,0
HGV2C_17,A2a_b,0
HGV2C_17,A2a,0
HGV2C_17,A2b,0
HGV2C_17,A3a,0
HGV2C_17,A3b,0
HGV2C_17,A3c,0
HGV2C_17,A3d,0
HGV2C_17,D7a,0
HGV2C_17,D7b,0
HGV2C_17,D7c,0
HGV2C_17,M5a,0
HGV2C_17,M5b,0
HGV2C_17,M12a,0
HGV2C_17,P4a,0
HGV2C_17,P4b,0
HGV2C_17,S6a,0
HGV2C_17,S8a,0
HGV2C_17,S8b,0
HGV2C_17,S8c,0
HGV2C_17,S9a,0
HGV2C_17,S10a,0
HGV2C_17,S11a,0
HGV2C_17,S13a,0
HGV2C_17,S13b,0
HGV2C_17,S13c,0
HGV2C_17,S13d,0
HGV2C_17,S13e,0
HGV2C_17,S13f,0
HGV2C_18,A1a,0
HGV2C_18,A1b,0
HGV2C_18,A1c,0
HGV2C_18,A1d,0
HGV2C_18,A1e,0
HGV2C_18,A1f,0
HGV2C_18,A1g,0
HGV2C_18,A1h,0
HGV2C_18,A1i,0
HGV2C_18,A1j,0
HGV2C_18,A1k,0
HGV2C_18,A1l,0
HGV2C_18,A1m,0
HGV2C_18,A1n,0
HGV2C_18,A1o,0
HGV2C_18,A1p,0
HGV2C_18,A1q,0
HGV2C_18,A1r,0
HGV2C_18,A2a_b,0
HGV2C_18,A2a,0
HGV2C_18,A2b,0
HGV2C_18,A3a,0
HGV2C_18,A3b,1
HGV2C_18,A3c,0
HGV2C_18,A3d,0
HGV2C_18,D7a,0
HGV2C_18,D7b,0
HGV2C_18,D7c,0
HGV2C_18,M5a,0
HGV2C_18,M5b,0
HGV2C_18,M12a,0
HGV2C_18,P4a,0
HGV2C_18,P4b,0
HGV2C_18,S6a,0
HGV2C_18,S8a,1
HGV2C_18,S8b,0
HGV2C_18,S8c,1
HGV2C_18,S9a,0
HGV2C_18,S10a,0
HGV2C_18,S11a,0
HGV2C_18,S13a,0
HGV2C_18,S13b,0
HGV2C_18,S13c,0
HGV2C_18,S13d,0
HGV2C_18,S13e,0
HGV2C_18,S13f,0
HGV2C_02,A1a,0
HGV2C_02,A1b,0
HGV2C_02,A1c,0
HGV2C_02,A1d,0
HGV2C_02,A1e,0
HGV2C_02,A1f,0
HGV2C_02,A1g,0
HGV2C_02,A1h,1
HGV2C_02,A1i,0
HGV2C_02,A1j,0
HGV2C_02,A1k,0
HGV2C_02,A1l,0
HGV2C_02,A1m,0
HGV2C_02,A1n,0
HGV2C_02,A1o,0
HGV2C_02,A1p,0
HGV2C_02,A1q,0
HGV2C_02,A1r,0
HGV2C_02,A2a_b,0
HGV2C_02,A2a,0
HGV2C_02,A2b,0
HGV2C_02,A3a,0
HGV2C_02,A3b,0
HGV2C_02,A3c,0
HGV2C_02,A3d,0
HGV2C_02,D7a,0
HGV2C_02,D7b,0
HGV2C_02,D7c,0
HGV2C_02,M5a,0
HGV2C_02,M5b,0
HGV2C_02,M12a,0
HGV2C_02,P4a,0
HGV2C_02,P4b,0
HGV2C_02,S6a,0
HGV2C_02,S8a,0
HGV2C_02,S8b,0
HGV2C_02,S8c,0
HGV2C_02,S9a,0
HGV2C_02,S10a,0
HGV2C_02,S11a,0
HGV2C_02,S13a,0
HGV2C_02,S13b,0
HGV2C_02,S13c,0
HGV2C_02,S13d,0
HGV2C_02,S13e,0
HGV2C_02,S13f,0
HGV2C_19,A1a,0
HGV2C_19,A1b,0
HGV2C_19,A1c,0
HGV2C_19,A1d,0
HGV2C_19,A1e,0
HGV2C_19,A1f,0
HGV2C_19,A1g,0
HGV2C_19,A1h,0
HGV2C_19,A1i,0
HGV2C_19,A1j,0
HGV2C_19,A1k,0
HGV2C_19,A1l,0
HGV2C_19,A1m,0
HGV2C_19,A1n,0
HGV2C_19,A1o,0
HGV2C_19,A1p,0
HGV2C_19,A1q,0
HGV2C_19,A1r,0
HGV2C_19,A2a_b,0
HGV2C_19,A2a,0
HGV2C_19,A2b,0
HGV2C_19,A3a,0
HGV2C_19,A3b,0
HGV2C_19,A3c,0
HGV2C_19,A3d,0
HGV2C_19,D7a,0
HGV2C_19,D7b,0
HGV2C_19,D7c,0
HGV2C_19,M5a,0
HGV2C_19,M5b,0
HGV2C_19,M12a,0
HGV2C_19,P4a,0
HGV2C_19,P4b,0
HGV2C_19,S6a,0
HGV2C_19,S8a,0
HGV2C_19,S8b,0
HGV2C_19,S8c,0
HGV2C_19,S9a,0
HGV2C_19,S10a,0
HGV2C_19,S11a,0
HGV2C_19,S13a,0
HGV2C_19,S13b,0
HGV2C_19,S13c,0
HGV2C_19,S13d,0
HGV2C_19,S13e,0
HGV2C_19,S13f,0
HGV2C_20,A1a,0
HGV2C_20,A1b,0
HGV2C_20,A1c,0
HGV2C_20,A1d,0
HGV2C_20,A1e,0
HGV2C_20,A1f,0
HGV2C_20,A1g,0
HGV2C_20,A1h,0
HGV2C_20,A1i,0
HGV2C_20,A1j,0
HGV2C_20,A1k,0
HGV2C_20,A1l,0
HGV2C_20,A1m,0
HGV2C_20,A1n,0
HGV2C_20,A1o,0
HGV2C_20,A1p,0
HGV2C_20,A1q,0
HGV2C_20,A1r,0
HGV2C_20,A2a_b,0
HGV2C_20,A2a,0
HGV2C_20,A2b,0
HGV2C_20,A3a,0
HGV2C_20,A3b,0
HGV2C_20,A3c,0
HGV2C_20,A3d,0
HGV2C_20,D7a,0
HGV2C_20,D7b,0
HGV2C_20,D7c,0
HGV2C_20,M5a,0
HGV2C_20,M5b,0
HGV2C_20,M12a,0
HGV2C_20,P4a,0
HGV2C_20,P4b,0
HGV2C_20,S6a,0
HGV2C_20,S8a,0
HGV2C_20,S8b,0
HGV2C_20,S8c,0
HGV2C_20,S9a,0
HGV2C_20,S10a,0
HGV2C_20,S11a,0
HGV2C_20,S13a,0
HGV2C_20,S13b,0
HGV2C_20,S13c,0
HGV2C_20,S13d,1
HGV2C_20,S13e,0
HGV2C_20,S13f,0
HGV2C_23,A1a,0
HGV2C_23,A1b,0
HGV2C_23,A1c,0
HGV2C_23,A1d,0
HGV2C_23,A1e,0
HGV2C_23,A1f,0
HGV2C_23,A1g,0
HGV2C_23,A1h,0
HGV2C_23,A1i,0
HGV2C_23,A1j,0
HGV2C_23,A1k,0
HGV2C_23,A1l,0
HGV2C_23,A1m,0
HGV2C_23,A1n,0
HGV2C_23,A1o,0
HGV2C_23,A1p,0
HGV2C_23,A1q,0
HGV2C_23,A1r,0
HGV2C_23,A2a_b,0
HGV2C_23,A2a,0
HGV2C_23,A2b,0
HGV2C_23,A3a,0
HGV2C_23,A3b,0
HGV2C_23,A3c,0
HGV2C_23,A3d,0
HGV2C_23,D7a,0
HGV2C_23,D7b,0
HGV2C_23,D7c,0
HGV2C_23,M5a,0
HGV2C_23,M5b,0
HGV2C_23,M12a,0
HGV2C_23,P4a,0
HGV2C_23,P4b,0
HGV2C_23,S6a,0
HGV2C_23,S8a,0
HGV2C_23,S8b,0
HGV2C_23,S8c,0
HGV2C_23,S9a,0
HGV2C_23,S10a,0
HGV2C_23,S11a,0
HGV2C_23,S13a,0
HGV2C_23,S13b,0
HGV2C_23,S13c,0
HGV2C_23,S13d,0
HGV2C_23,S13e,0
HGV2C_23,S13f,0
HGV2C_28,A1a,0
HGV2C_28,A1b,0
HGV2C_28,A1c,0
HGV2C_28,A1d,0
HGV2C_28,A1e,0
HGV2C_28,A1f,0
HGV2C_28,A1g,0
HGV2C_28,A1h,0
HGV2C_28,A1i,0
HGV2C_28,A1j,0
HGV2C_28,A1k,0
HGV2C_28,A1l,0
HGV2C_28,A1m,0
HGV2C_28,A1n,0
HGV2C_28,A1o,0
HGV2C_28,A1p,0
HGV2C_28,A1q,0
HGV2C_28,A1r,0
HGV2C_28,A2a_b,0
HGV2C_28,A2a,0
HGV2C_28,A2b,0
HGV2C_28,A3a,0
HGV2C_28,A3b,0
HGV2C_28,A3c,0
HGV2C_28,A3d,0
HGV2C_28,D7a,0
HGV2C_28,D7b,0
HGV2C_28,D7c,0
HGV2C_28,M5a,0
HGV2C_28,M5b,0
HGV2C_28,M12a,1
HGV2C_28,P4a,0
HGV2C_28,P4b,0
HGV2C_28,S6a,0
HGV2C_28,S8a,0
HGV2C_28,S8b,0
HGV2C_28,S8c,0
HGV2C_28,S9a,0
HGV2C_28,S10a,0
HGV2C_28,S11a,0
HGV2C_28,S13a,0
HGV2C_28,S13b,0
HGV2C_28,S13c,0
HGV2C_28,S13d,0
HGV2C_28,S13e,0
HGV2C_28,S13f,0
HGV2C_03,A1a,0
HGV2C_03,A1b,0
HGV2C_03,A1c,0
HGV2C_03,A1d,0
HGV2C_03,A1e,0
HGV2C_03,A1f,0
HGV2C_03,A1g,0
HGV2C_03,A1h,0
HGV2C_03,A1i,0
HGV2C_03,A1j,0
HGV2C_03,A1k,0
HGV2C_03,A1l,0
HGV2C_03,A1m,0
HGV2C_03,A1n,0
HGV2C_03,A1o,0
HGV2C_03,A1p,0
HGV2C_03,A1q,0
HGV2C_03,A1r,0
HGV2C_03,A2a_b,0
HGV2C_03,A2a,0
HGV2C_03,A2b,0
HGV2C_03,A3a,0
HGV2C_03,A3b,0
HGV2C_03,A3c,0
HGV2C_03,A3d,0
HGV2C_03,D7a,0
HGV2C_03,D7b,0
HGV2C_03,D7c,0
HGV2C_03,M5a,0
HGV2C_03,M5b,0
HGV2C_03,M12a,0
HGV2C_03,P4a,0
HGV2C_03,P4b,0
HGV2C_03,S6a,0
HGV2C_03,S8a,0
HGV2C_03,S8b,1
HGV2C_03,S8c,0
HGV2C_03,S9a,0
HGV2C_03,S10a,0
HGV2C_03,S11a,0
HGV2C_03,S13a,0
HGV2C_03,S13b,0
HGV2C_03,S13c,0
HGV2C_03,S13d,0
HGV2C_03,S13e,0
HGV2C_03,S13f,0
HGV2C_33,A1a,0
HGV2C_33,A1b,0
HGV2C_33,A1c,0
HGV2C_33,A1d,0
HGV2C_33,A1e,0
HGV2C_33,A1f,0
HGV2C_33,A1g,0
HGV2C_33,A1h,0
HGV2C_33,A1i,0
HGV2C_33,A1j,0
HGV2C_33,A1k,0
HGV2C_33,A1l,0
HGV2C_33,A1m,0
HGV2C_33,A1n,0
HGV2C_33,A1o,0
HGV2C_33,A1p,0
HGV2C_33,A1q,0
HGV2C_33,A1r,0
HGV2C_33,A2a_b,0
HGV2C_33,A2a,0
HGV2C_33,A2b,0
HGV2C_33,A3a,0
HGV2C_33,A3b,0
HGV2C_33,A3c,0
HGV2C_33,A3d,0
HGV2C_33,D7a,0
HGV2C_33,D7b,0
HGV2C_33,D7c,0
HGV2C_33,M5a,0
HGV2C_33,M5b,0
HGV2C_33,M12a,0
HGV2C_33,P4a,0
HGV2C_33,P4b,0
HGV2C_33,S6a,0
HGV2C_33,S8a,0
HGV2C_33,S8b,0
HGV2C_33,S8c,1
HGV2C_33,S9a,0
HGV2C_33,S10a,0
HGV2C_33,S11a,0
HGV2C_33,S13a,0
HGV2C_33,S13b,0
HGV2C_33,S13c,0
HGV2C_33,S13d,1
HGV2C_33,S13e,0
HGV2C_33,S13f,0
HGV2C_34,A1a,0
HGV2C_34,A1b,0
HGV2C_34,A1c,0
HGV2C_34,A1d,0
HGV2C_34,A1e,0
HGV2C_34,A1f,0
HGV2C_34,A1g,1
HGV2C_34,A1h,0
HGV2C_34,A1i,0
HGV2C_34,A1j,0
HGV2C_34,A1k,0
HGV2C_34,A1l,0
HGV2C_34,A1m,0
HGV2C_34,A1n,0
HGV2C_34,A1o,0
HGV2C_34,A1p,0
HGV2C_34,A1q,0
HGV2C_34,A1r,0
HGV2C_34,A2a_b,0
HGV2C_34,A2a,0
HGV2C_34,A2b,0
HGV2C_34,A3a,0
HGV2C_34,A3b,0
HGV2C_34,A3c,0
HGV2C_34,A3d,0
HGV2C_34,D7a,0
HGV2C_34,D7b,0
HGV2C_34,D7c,0
HGV2C_34,M5a,0
HGV2C_34,M5b,0
HGV2C_34,M12a,0
HGV2C_34,P4a,0
HGV2C_34,P4b,0
HGV2C_34,S6a,0
HGV2C_34,S8a,0
HGV2C_34,S8b,0
HGV2C_34,S8c,0
HGV2C_34,S9a,0
HGV2C_34,S10a,0
HGV2C_34,S11a,0
HGV2C_34,S13a,0
HGV2C_34,S13b,0
HGV2C_34,S13c,0
HGV2C_34,S13d,0
HGV2C_34,S13e,0
HGV2C_34,S13f,0
HGV2C_36_contigs,A1a,0
HGV2C_36_contigs,A1b,0
HGV2C_36_contigs,A1c,1
HGV2C_36_contigs,A1d,0
HGV2C_36_contigs,A1e,0
HGV2C_36_contigs,A1f,0
HGV2C_36_contigs,A1g,0
HGV2C_36_contigs,A1h,0
HGV2C_36_contigs,A1i,0
HGV2C_36_contigs,A1j,0
HGV2C_36_contigs,A1k,0
HGV2C_36_contigs,A1l,0
HGV2C_36_contigs,A1m,0
HGV2C_36_contigs,A1n,0
HGV2C_36_contigs,A1o,0
HGV2C_36_contigs,A1p,0
HGV2C_36_contigs,A1q,0
HGV2C_36_contigs,A1r,0
HGV2C_36_contigs,A2a_b,0
HGV2C_36_contigs,A2a,0
HGV2C_36_contigs,A2b,0
HGV2C_36_contigs,A3a,0
HGV2C_36_contigs,A3b,0
HGV2C_36_contigs,A3c,0
HGV2C_36_contigs,A3d,0
HGV2C_36_contigs,D7a,0
HGV2C_36_contigs,D7b,0
HGV2C_36_contigs,D7c,0
HGV2C_36_contigs,M5a,0
HGV2C_36_contigs,M5b,0
HGV2C_36_contigs,M12a,0
HGV2C_36_contigs,P4a,0
HGV2C_36_contigs,P4b,0
HGV2C_36_contigs,S6a,0
HGV2C_36_contigs,S8a,0
HGV2C_36_contigs,S8b,0
HGV2C_36_contigs,S8c,0
HGV2C_36_contigs,S9a,0
HGV2C_36_contigs,S10a,0
HGV2C_36_contigs,S11a,0
HGV2C_36_contigs,S13a,0
HGV2C_36_contigs,S13b,0
HGV2C_36_contigs,S13c,0
HGV2C_36_contigs,S13d,0
HGV2C_36_contigs,S13e,0
HGV2C_36_contigs,S13f,0
HGV2C_37,A1a,0
HGV2C_37,A1b,0
HGV2C_37,A1c,0
HGV2C_37,A1d,1
HGV2C_37,A1e,0
HGV2C_37,A1f,0
HGV2C_37,A1g,0
HGV2C_37,A1h,0
HGV2C_37,A1i,0
HGV2C_37,A1j,0
HGV2C_37,A1k,0
HGV2C_37,A1l,0
HGV2C_37,A1m,0
HGV2C_37,A1n,0
HGV2C_37,A1o,0
HGV2C_37,A1p,0
HGV2C_37,A1q,0
HGV2C_37,A1r,0
HGV2C_37,A2a_b,0
HGV2C_37,A2a,0
HGV2C_37,A2b,0
HGV2C_37,A3a,0
HGV2C_37,A3b,0
HGV2C_37,A3c,0
HGV2C_37,A3d,0
HGV2C_37,D7a,0
HGV2C_37,D7b,0
HGV2C_37,D7c,0
HGV2C_37,M5a,0
HGV2C_37,M5b,0
HGV2C_37,M12a,0
HGV2C_37,P4a,0
HGV2C_37,P4b,0
HGV2C_37,S6a,0
HGV2C_37,S8a,0
HGV2C_37,S8b,0
HGV2C_37,S8c,0
HGV2C_37,S9a,0
HGV2C_37,S10a,0
HGV2C_37,S11a,0
HGV2C_37,S13a,0
HGV2C_37,S13b,0
HGV2C_37,S13c,0
HGV2C_37,S13d,0
HGV2C_37,S13e,0
HGV2C_37,S13f,0
HGV2C_39,A1a,0
HGV2C_39,A1b,0
HGV2C_39,A1c,0
HGV2C_39,A1d,0
HGV2C_39,A1e,0
HGV2C_39,A1f,0
HGV2C_39,A1g,0
HGV2C_39,A1h,0
HGV2C_39,A1i,0
HGV2C_39,A1j,0
HGV2C_39,A1k,0
HGV2C_39,A1l,0
HGV2C_39,A1m,0
HGV2C_39,A1n,0
HGV2C_39,A1o,0
HGV2C_39,A1p,0
HGV2C_39,A1q,0
HGV2C_39,A1r,0
HGV2C_39,A2a_b,0
HGV2C_39,A2a,0
HGV2C_39,A2b,0
HGV2C_39,A3a,0
HGV2C_39,A3b,0
HGV2C_39,A3c,0
HGV2C_39,A3d,0
HGV2C_39,D7a,0
HGV2C_39,D7b,0
HGV2C_39,D7c,0
HGV2C_39,M5a,0
HGV2C_39,M5b,0
HGV2C_39,M12a,0
HGV2C_39,P4a,0
HGV2C_39,P4b,0
HGV2C_39,S6a,0
HGV2C_39,S8a,0
HGV2C_39,S8b,0
HGV2C_39,S8c,0
HGV2C_39,S9a,0
HGV2C_39,S10a,0
HGV2C_39,S11a,0
HGV2C_39,S13a,0
HGV2C_39,S13b,0
HGV2C_39,S13c,0
HGV2C_39,S13d,0
HGV2C_39,S13e,0
HGV2C_39,S13f,0
HGV2C_06,A1a,0
HGV2C_06,A1b,0
HGV2C_06,A1c,0
HGV2C_06,A1d,0
HGV2C_06,A1e,0
HGV2C_06,A1f,0
HGV2C_06,A1g,0
HGV2C_06,A1h,0
HGV2C_06,A1i,0
HGV2C_06,A1j,0
HGV2C_06,A1k,0
HGV2C_06,A1l,0
HGV2C_06,A1m,0
HGV2C_06,A1n,0
HGV2C_06,A1o,0
HGV2C_06,A1p,0
HGV2C_06,A1q,0
HGV2C_06,A1r,0
HGV2C_06,A2a_b,0
HGV2C_06,A2a,0
HGV2C_06,A2b,0
HGV2C_06,A3a,0
HGV2C_06,A3b,0
HGV2C_06,A3c,0
HGV2C_06,A3d,0
HGV2C_06,D7a,0
HGV2C_06,D7b,0
HGV2C_06,D7c,0
HGV2C_06,M5a,0
HGV2C_06,M5b,0
HGV2C_06,M12a,0
HGV2C_06,P4a,0
HGV2C_06,P4b,0
HGV2C_06,S6a,0
HGV2C_06,S8a,0
HGV2C_06,S8b,0
HGV2C_06,S8c,0
HGV2C_06,S9a,0
HGV2C_06,S10a,0
HGV2C_06,S11a,0
HGV2C_06,S13a,0
HGV2C_06,S13b,0
HGV2C_06,S13c,0
HGV2C_06,S13d,0
HGV2C_06,S13e,0
HGV2C_06,S13f,0
HGV2C_08,A1a,0
HGV2C_08,A1b,0
HGV2C_08,A1c,1
HGV2C_08,A1d,0
HGV2C_08,A1e,0
HGV2C_08,A1f,0
HGV2C_08,A1g,0
HGV2C_08,A1h,0
HGV2C_08,A1i,0
HGV2C_08,A1j,0
HGV2C_08,A1k,0
HGV2C_08,A1l,0
HGV2C_08,A1m,0
HGV2C_08,A1n,0
HGV2C_08,A1o,0
HGV2C_08,A1p,0
HGV2C_08,A1q,0
HGV2C_08,A1r,0
HGV2C_08,A2a_b,0
HGV2C_08,A2a,0
HGV2C_08,A2b,0
HGV2C_08,A3a,0
HGV2C_08,A3b,0
HGV2C_08,A3c,0
HGV2C_08,A3d,0
HGV2C_08,D7a,0
HGV2C_08,D7b,0
HGV2C_08,D7c,0
HGV2C_08,M5a,0
HGV2C_08,M5b,0
HGV2C_08,M12a,0
HGV2C_08,P4a,0
HGV2C_08,P4b,0
HGV2C_08,S6a,0
HGV2C_08,S8a,0
HGV2C_08,S8b,0
HGV2C_08,S8c,0
HGV2C_08,S9a,0
HGV2C_08,S10a,0
HGV2C_08,S11a,0
HGV2C_08,S13a,0
HGV2C_08,S13b,0
HGV2C_08,S13c,0
HGV2C_08,S13d,0
HGV2C_08,S13e,0
HGV2C_08,S13f,0
CU371,A1a,0
CU371,A1b,0
CU371,A1c,0
CU371,A1d,0
CU371,A1e,0
CU371,A1f,0
CU371,A1g,0
CU371,A1h,0
CU371,A1i,0
CU371,A1j,0
CU371,A1k,0
CU371,A1l,0
CU371,A1m,0
CU371,A1n,0
CU371,A1o,0
CU371,A1p,0
CU371,A1q,0
CU371,A1r,0
CU371,A2a_b,0
CU371,A2a,0
CU371,A2b,0
CU371,A3a,0
CU371,A3b,0
CU371,A3c,0
CU371,A3d,0
CU371,D7a,0
CU371,D7b,0
CU371,D7c,0
CU371,M5a,0
CU371,M5b,0
CU371,M12a,0
CU371,P4a,0
CU371,P4b,0
CU371,S6a,0
CU371,S8a,0
CU371,S8b,0
CU371,S8c,1
CU371,S9a,0
CU371,S10a,0
CU371,S11a,0
CU371,S13a,0
CU371,S13b,0
CU371,S13c,0
CU371,S13d,0
CU371,S13e,0
CU371,S13f,0
42KP-HG,A1a,0
42KP-HG,A1b,0
42KP-HG,A1c,0
42KP-HG,A1d,0
42KP-HG,A1e,0
42KP-HG,A1f,0
42KP-HG,A1g,0
42KP-HG,A1h,0
42KP-HG,A1i,0
42KP-HG,A1j,0
42KP-HG,A1k,0
42KP-HG,A1l,0
42KP-HG,A1m,0
42KP-HG,A1n,0
42KP-HG,A1o,0
42KP-HG,A1p,0
42KP-HG,A1q,0
42KP-HG,A1r,0
42KP-HG,A2a_b,0
42KP-HG,A2a,0
42KP-HG,A2b,0
42KP-HG,A3a,0
42KP-HG,A3b,0
42KP-HG,A3c,0
42KP-HG,A3d,0
42KP-HG,D7a,0
42KP-HG,D7b,0
42KP-HG,D7c,0
42KP-HG,M5a,0
42KP-HG,M5b,0
42KP-HG,M12a,0
42KP-HG,P4a,0
42KP-HG,P4b,0
42KP-HG,S6a,0
42KP-HG,S8a,0
42KP-HG,S8b,0
42KP-HG,S8c,0
42KP-HG,S9a,0
42KP-HG,S10a,0
42KP-HG,S11a,0
42KP-HG,S13a,0
42KP-HG,S13b,0
42KP-HG,S13c,0
42KP-HG,S13d,0
42KP-HG,S13e,0
42KP-HG,S13f,0
HGV2C_21,A1a,0
HGV2C_21,A1b,0
HGV2C_21,A1c,0
HGV2C_21,A1d,0
HGV2C_21,A1e,0
HGV2C_21,A1f,0
HGV2C_21,A1g,0
HGV2C_21,A1h,0
HGV2C_21,A1i,0
HGV2C_21,A1j,1
HGV2C_21,A1k,0
HGV2C_21,A1l,0
HGV2C_21,A1m,0
HGV2C_21,A1n,0
HGV2C_21,A1o,0
HGV2C_21,A1p,0
HGV2C_21,A1q,0
HGV2C_21,A1r,0
HGV2C_21,A2a_b,0
HGV2C_21,A2a,0
HGV2C_21,A2b,0
HGV2C_21,A3a,0
HGV2C_21,A3b,0
HGV2C_21,A3c,1
HGV2C_21,A3d,1
HGV2C_21,D7a,0
HGV2C_21,D7b,0
HGV2C_21,D7c,0
HGV2C_21,M5a,0
HGV2C_21,M5b,0
HGV2C_21,M12a,0
HGV2C_21,P4a,0
HGV2C_21,P4b,0
HGV2C_21,S6a,0
HGV2C_21,S8a,0
HGV2C_21,S8b,0
HGV2C_21,S8c,0
HGV2C_21,S9a,0
HGV2C_21,S10a,0
HGV2C_21,S11a,0
HGV2C_21,S13a,0
HGV2C_21,S13b,0
HGV2C_21,S13c,0
HGV2C_21,S13d,0
HGV2C_21,S13e,0
HGV2C_21,S13f,0
